filename, part1, part2, part3, part4, part5, part6, part7
Image_1_jpg.rf.ceda5084447701450ec1feab9a036916.jpg, 1, 1, 0, 1, 1, 0, 0
Image_45_JPG.rf.d30b2bf185c34d18cb1f05657a3d062e.jpg, 1, 0, 1, 1, 0, 0, 0
Image_87_jpg.rf.d33ca49a211bec1679db8d7d26bf85c2.jpg, 1, 0, 1, 1, 1, 0, 0
Image_69_jpg.rf.d38886551011203b69ca082d13173084.jpg, 1, 0, 1, 1, 1, 0, 0
Image_11_jpg.rf.d0cd7e350ad47dc57640c12c2c21d607.jpg, 1, 0, 1, 1, 1, 0, 0
Captuuure_PNG.rf.d2a7e19cd60a223864bfd2ad94a7b230.jpg, 1, 1, 0, 1, 0, 0, 0
Image_49_png.rf.d23ebd9e93a652ed75a39a48b49fbfb8.jpg, 1, 0, 0, 1, 1, 0, 0
Image_42_jpg.rf.d0abc00a9d1fe44afc0be1c89e6c47ec.jpg, 1, 0, 0, 1, 1, 0, 0
Image_3_jpg.rf.ce2bebab96c0e803d759d348ec87680a.jpg, 1, 0, 0, 1, 1, 0, 0
Image_38_jpg.rf.ce8a669773585fceb56d6d96dd2a89e0.jpg, 1, 1, 0, 1, 1, 1, 1
Bettayeb_Hajer_CV-350-_page-0001_jpg.rf.ce4e893128f60c8ef7d02477486411b2.jpg, 1, 1, 1, 1, 1, 0, 0
Image_13_png.rf.d41fe3a9f4d5eb0f12316ad54babe9b7.jpg, 1, 0, 1, 1, 1, 0, 0
Image_6_jpg.rf.d29386b63fb3a33c864e5d49a1c1cef1.jpg, 1, 0, 1, 1, 1, 0, 0
Image_54_png.rf.cefce13e8a86c78bfec3607f95b7a19d.jpg, 1, 0, 1, 1, 1, 0, 0
Image_66_jpg.rf.cf9e5c51e76935ce3b648f9db30d8500.jpg, 1, 0, 1, 1, 1, 0, 0
Image_73_jpg.rf.ce15c0930d7304e0196dc2a7fc9ae651.jpg, 1, 0, 1, 1, 1, 0, 0
Image_67_jpg.rf.d558312310692af03cc3af0842bd6e46.jpg, 1, 0, 0, 1, 0, 0, 0
Image_48_jpg.rf.d11bfc162a2422657236021d287fe9d4.jpg, 1, 0, 1, 1, 1, 0, 0
Image_51_jpg.rf.d04151ad4484f7ba3ee70cfeae876142.jpg, 1, 1, 1, 1, 0, 0, 0
Image_29_png.rf.d24a230f74a2d800e50f29e05a46bd1d.jpg, 1, 1, 1, 1, 1, 0, 0
Image_32_JPG.rf.d5a8db22490985b2c20be090ecda8797.jpg, 1, 1, 1, 1, 0, 0, 0
Image_20_jpg.rf.d3b6730e25b5507ab77e7a1ef6bab670.jpg, 1, 1, 1, 1, 1, 0, 0
Image_17_jpg.rf.d5d3bbeb17c18477858bab9d648772b3.jpg, 1, 0, 1, 1, 1, 0, 0
Image_76_jpg.rf.d5f66135bc29d5429f150bfbb8ad3158.jpg, 0, 0, 0, 0, 0, 0, 0
Image_54_jpg.rf.d32ebf052f77743edd50a084b4d7052a.jpg, 1, 0, 1, 1, 1, 0, 0
Image_48_jpg.rf.d678d70cfd0f2d006a1fabb20956ba84.jpg, 1, 0, 1, 1, 1, 0, 0
Image_35_jpg.rf.d84627f148957df0144c48de893d89b1.jpg, 1, 0, 1, 1, 1, 0, 0
Image_22_jpg.rf.d80c877b66641b6a86b399fc10f7c2d0.jpg, 0, 0, 0, 0, 0, 0, 0
Image_93_png.rf.d805042a6c32d686a9c4d64a22f91d73.jpg, 1, 0, 0, 1, 1, 0, 0
Image_14_jpg.rf.d6c66f3129176f4bd69852d0a64d0f06.jpg, 1, 0, 1, 1, 1, 0, 0
Image_15_jpg.rf.d7bada65d512a98aa96b8eeb65f293ea.jpg, 1, 1, 0, 1, 0, 0, 0
Image_6_jpg.rf.d86a02e307e7f6384860a5928ab57369.jpg, 0, 0, 0, 0, 0, 0, 0
Image_53_jpg.rf.d889ed80cfdfa2bfda358ddb088f0f60.jpg, 1, 1, 1, 1, 1, 0, 0
Image_1_jpg.rf.d8d9f1d4f04de1f66b6fcb359f65f5ae.jpg, 1, 0, 1, 1, 1, 0, 0
Image_26_jpg.rf.d96786df999c38bb11301a35eb085696.jpg, 1, 1, 0, 1, 0, 0, 0
Image_44_jpg.rf.d9764694e771e5b7c471d336d9efbc55.jpg, 1, 0, 1, 1, 1, 0, 0
Image_56_jpg.rf.da74049e947348365669f61948a09a7f.jpg, 1, 1, 1, 1, 0, 0, 0
Image_2_jpg.rf.da225610aecef28540155deaa2958bd8.jpg, 1, 0, 1, 1, 1, 0, 0
Image_50_jpg.rf.d7ca9d21bc70b130aa8ad95d3c5c319a.jpg, 1, 1, 1, 1, 1, 0, 0
Image_67_jpg.rf.d89d8c8961cb95b5cc64cfd115d342e6.jpg, 1, 0, 0, 1, 0, 0, 0
Image_30_jpg.rf.d99c15319227357a989fd1a86ce14574.jpg, 1, 0, 1, 1, 1, 1, 1
Image_12_jpg.rf.db4d6c730ffe8a27b26f43e744adfcc4.jpg, 1, 0, 1, 1, 1, 0, 0
Image_1_jpg.rf.d83197aa966da98e467ce44c3b966e2f.jpg, 1, 1, 1, 1, 1, 1, 1
Image_42_jpg.rf.db479b3f06a2fd2d1cd4ec887a5b2a3c.jpg, 1, 1, 0, 1, 1, 0, 0
Image_15_jpg.rf.da98b13d579dfdb40ed47fdc2a32dbc2.jpg, 1, 1, 0, 1, 1, 1, 0
Image_85_jpg.rf.dbb2084b705659053ec17e84b425a888.jpg, 1, 0, 0, 1, 1, 0, 0
Image_17_png.rf.dc186593432721501d817ed7fac456ed.jpg, 1, 1, 0, 1, 0, 1, 1
Image_44_png.rf.db912f2254fed6a8470f261e3a8f6f4d.jpg, 1, 1, 0, 1, 0, 0, 0
555_jpg.rf.dc2212d1f50d04fddd8dcbee35cdcda8.jpg, 1, 0, 1, 1, 1, 0, 0
Image_9_jpg.rf.da3163e1eede6df34747c11f35874758.jpg, 1, 0, 1, 1, 1, 0, 0
Image_49_jpg.rf.dd38a0205fa7d65469bd42a5b800b013.jpg, 1, 0, 1, 1, 1, 0, 0
Image_9_png.rf.de2728606ce76b1d92a7bfa1d73706c4.jpg, 1, 0, 0, 1, 0, 0, 0
Image_6_jpg.rf.dd167668f68fe5633b934d955262c43d.jpg, 1, 0, 1, 1, 1, 0, 0
Image_96_png.rf.dde2a5b3216a0b90d6f8f72695f63443.jpg, 1, 1, 0, 1, 1, 0, 0
Image_11_jpg.rf.dd0d2e1bf7a40aaa56488582b8c5bb8d.jpg, 1, 0, 0, 1, 1, 0, 0
Image_63_jpg.rf.de6a200505f9ba4d73d0691c4f038c25.jpg, 1, 0, 1, 1, 1, 0, 0
Image_18_jpg.rf.dcadc7573c8d5492db6bb9bc0fa83cc8.jpg, 1, 0, 1, 1, 1, 0, 0
Image_61_jpg.rf.e0a0a72c13d2b5974dcd0e99d0d98195.jpg, 1, 1, 0, 1, 0, 0, 0
Image_36_png.rf.e14d603244975cba79cab23ecb27bfda.jpg, 1, 0, 1, 1, 1, 0, 0
Image_41_jpg.rf.df08a953f63170179cfbe07b93f3179a.jpg, 1, 0, 0, 1, 1, 0, 0
Image_6_jpg.rf.e18f236c4f234572932e432661c6f1bb.jpg, 0, 0, 0, 1, 0, 1, 1
555_jpg.rf.e0293326afc12e8cea8bc84d74efec17.jpg, 1, 0, 1, 1, 1, 0, 0
Image_10_jpg.rf.df1c16080d2a929ed3aaaca6fe62a697.jpg, 1, 0, 1, 1, 1, 0, 0
Image_69_jpg.rf.e26c51df8733444b960d18350483b98f.jpg, 1, 0, 1, 1, 1, 0, 0
Image_55_png.rf.e252c32bbc16a13b893e73dd91fa1147.jpg, 1, 0, 0, 1, 1, 0, 0
Image_26_jpg.rf.e28d3c0cbc3be1e2d2b08ce3e2331386.jpg, 1, 0, 1, 1, 1, 0, 0
Image_75_jpg.rf.e0433deef905ce8375b9e856e9081d6e.jpg, 1, 0, 0, 1, 1, 0, 0
Image_3_jpg.rf.e20b12609a8feb505fa90b9f12f71f97.jpg, 1, 1, 0, 1, 1, 0, 0
Image_21_png.rf.e2567083568541ef82b5d57cd70f73e4.jpg, 1, 0, 0, 1, 0, 0, 0
Image_57_jpg.rf.e10fcb5b28be32cf3640054ed5593e84.jpg, 1, 0, 1, 1, 1, 0, 0
Image_16_png.rf.e38cc0d0eff7831abd97d32b6e481c69.jpg, 1, 0, 1, 1, 1, 0, 0
Image_15_jpg.rf.e373fbf6e964e3eb4fa708ff8177d2b8.jpg, 1, 1, 1, 1, 0, 0, 0
Image_19_jpg.rf.e38c82d24bcd6ba988f39e84e1324b7c.jpg, 1, 1, 0, 1, 0, 0, 0
Image_36_jpg.rf.e1cb3dea9b3adeebb7005f898329dd7c.jpg, 1, 1, 0, 1, 0, 0, 0
Image_1_jpg.rf.df6cec954d3dc4a675965884c1420c6e.jpg, 0, 0, 1, 1, 1, 0, 0
Image_54_png.rf.de664ea6870e889db9258ec549493686.jpg, 1, 0, 1, 1, 1, 0, 0
Image_52_jpg.rf.e3eb49e5eab81f37fb35ebf1a16b4582.jpg, 1, 0, 0, 1, 1, 0, 0
Image_100_jpeg.rf.e30d541c300e74d9d73b97cd51394337.jpg, 1, 1, 0, 1, 0, 0, 0
Image_20_jpg.rf.e3fdd5f32aaa291b75f633c2b00aef63.jpg, 1, 1, 1, 1, 1, 0, 0
Image_49_png.rf.e43dfaf09ac78c68b6a3a9a1af7abb26.jpg, 1, 1, 1, 1, 0, 0, 0
Image_76_jpg.rf.e550fd69bec745aa65383672a41e06bd.jpg, 1, 0, 1, 1, 1, 0, 0
Image_44_jpg.rf.e4ef757adce1b6c0d1d648f925523709.jpg, 1, 0, 1, 1, 1, 0, 0
Image_85_jpg.rf.e4d4853da781aa40b2b2c9ca8e32b425.jpg, 1, 0, 0, 1, 1, 0, 0
Image_57_jpg.rf.e4e059c90896d509cfeeb60981361a8b.jpg, 1, 1, 0, 1, 0, 0, 0
Image_29_jpg.rf.e783693fe8be4880c2a4c93ee5f32ef6.jpg, 1, 1, 1, 1, 1, 0, 0
Image_27_jpg.rf.e5da27348b49bc65784e51ec9735e121.jpg, 1, 1, 0, 1, 1, 0, 0
Image_69_jpg.rf.e721e961042641dcb84baa2cf804c6db.jpg, 1, 1, 1, 1, 1, 0, 0
Image_77_png.rf.e892aca2ca24c646c3ad95504af8826f.jpg, 1, 0, 1, 1, 1, 0, 0
Image_20_png.rf.e63203fd19c8c4f7109283be8a5d38c6.jpg, 1, 1, 0, 1, 0, 0, 0
Image_28_jpg.rf.e63e2ab868e1766d86294589166bb3ad.jpg, 1, 1, 1, 1, 1, 1, 0
Image_38_jpg.rf.e886ef8b0ab0b309e2aee0b8cc3ca835.jpg, 1, 1, 1, 1, 1, 0, 0
Image_53_jpg.rf.e464acb7d82fc93b3ce5e85a219437b5.jpg, 1, 1, 1, 1, 1, 0, 0
Image_26_jpg.rf.e567e6fe1b0197ea86f189be263b185e.jpg, 1, 0, 1, 1, 1, 0, 0
cvHajerJaffeli_page-0001_jpg.rf.e6d338fa1e676a95b29866cc9ee65793.jpg, 1, 0, 1, 1, 1, 0, 0
Image_6_png.rf.e93152d0de71a534ea90baeda530d4a0.jpg, 1, 1, 1, 1, 0, 0, 0
Image_9_jpg.rf.ea6e5105b0a425be0a666c657ff81224.jpg, 1, 1, 0, 1, 1, 0, 0
Image_34_png.rf.e6356e6c1a7c88d824e75ff9b5e028bf.jpg, 1, 0, 0, 1, 1, 0, 0
Image_48_png.rf.e9cb073c48ce3318fd87731c86c1003f.jpg, 1, 1, 1, 1, 1, 0, 0
Image_79_jpg.rf.e7d88ebfd5d35f548e9ab1013c2ad3c2.jpg, 1, 0, 1, 1, 1, 1, 1
Image_32_jpg.rf.ea6bcc67ee151f0161713cf48b3f5496.jpg, 1, 0, 1, 1, 1, 0, 0
Image_17_jpg.rf.e6c0e2bfca371758caea924f30d37160.jpg, 1, 0, 1, 1, 1, 0, 0
Image_9_jpg.rf.e6b81fd94630044f7e932b7491ef4f77.jpg, 1, 0, 1, 1, 1, 0, 0
Image_2_png.rf.eb49aa39438384bfac54e0757aa90835.jpg, 1, 0, 1, 1, 0, 0, 0
Image_30_jpg.rf.eba17394cb42a3a986da2f62dd6fd293.jpg, 1, 0, 1, 1, 1, 0, 0
Image_2_jpg.rf.eb4cafbfa54868771a2316d33295ffe8.jpg, 1, 0, 1, 1, 1, 0, 0
Image_1_jpg.rf.ec39db06fe57e83268b654c2fa85ed60.jpg, 1, 1, 1, 1, 1, 0, 0
Image_68_jpg.rf.ec4a4f1145039ab04815d396d8bb8443.jpg, 1, 0, 0, 1, 0, 0, 0
Image_77_jpg.rf.ea4e3c5833ebffed03217ab4a06ae258.jpg, 1, 0, 0, 1, 1, 0, 0
Image_20_jpg.rf.eba8fa5a201429eb723d0e5aeb24b6ad.jpg, 1, 1, 1, 1, 1, 0, 0
Image_35_png.rf.ebf24e1db9b02c5e07b79e69bcf646c0.jpg, 1, 1, 0, 1, 0, 0, 0
Image_7_png.rf.ebd4ebb662de0425e73444a18aadf74b.jpg, 1, 1, 1, 1, 0, 0, 0
Image_52_png.rf.ebb02ecdcbdeb45e42484baa8c8fce34.jpg, 1, 1, 0, 1, 1, 0, 0
Cappppppppppture_PNG.rf.ed133fece9a34851cc18f31345855eb2.jpg, 1, 1, 1, 1, 1, 0, 0
Image_14_jpg.rf.ed4d40d04dc1b2d622139af5fe8ee557.jpg, 1, 0, 1, 1, 1, 0, 0
Image_49_jpg.rf.ed0e3a531eb8f7a143f85853de094257.jpg, 1, 0, 0, 1, 1, 0, 0
Image_11_jpg.rf.ecb09823b8c6ac5bfbec9e70f9fc069e.jpg, 1, 0, 1, 1, 1, 0, 0
Image_42_jpg.rf.ec58078b31ea04fcc33ae802a9e1e2ef.jpg, 1, 1, 1, 1, 1, 0, 0
Image_12_jpg.rf.ed470d281691fff69a27289842e81862.jpg, 1, 0, 1, 1, 1, 1, 1
Image_71_JPG.rf.ed75cfe172df5297a0dc9b9c7e679855.jpg, 0, 0, 0, 0, 0, 0, 0
Image_57_jpg.rf.efd77f89742412f8b7bf3215e5a21ee7.jpg, 1, 1, 0, 1, 0, 0, 0
Image_7_jpg.rf.ef00715392c4ba74ca59c9734bbad684.jpg, 1, 0, 0, 1, 1, 0, 0
Image_88_jpg.rf.ed81078feea57b8aa109603b16d8f6e7.jpg, 1, 0, 1, 1, 1, 0, 0
Image_83_jpg.rf.ee54de79a39bce59adde20868ba550d9.jpg, 1, 0, 0, 1, 1, 0, 0
Image_40_jpg.rf.f0ba3cd1eded03d030291390afad2a09.jpg, 1, 0, 1, 1, 0, 0, 0
Image_89_jpg.rf.ef7511bbf0140b8002ce5afdc30cb3c9.jpg, 1, 1, 0, 1, 0, 0, 0
Image_55_jpg.rf.ef78251d71078d40511c25d85efa5ebc.jpg, 1, 1, 0, 1, 1, 0, 0
Image_18_jpg.rf.ecb091104239751d92c79232de9f7883.jpg, 1, 1, 0, 1, 0, 0, 0
Image_5_png.rf.efa1f0df3246656d598c54381bd4cf7a.jpg, 1, 1, 0, 1, 1, 0, 0
Image_8_jpg.rf.f07cb29475cd58eb71c28cff5531cd18.jpg, 1, 0, 1, 1, 1, 1, 1
Image_47_jpg.rf.f117195b724d744bd3d5faba29555c49.jpg, 1, 0, 1, 1, 1, 0, 0
Image_15_jpg.rf.ef159abd81c523f8b2a53e78c727cd5b.jpg, 1, 1, 1, 1, 1, 0, 0
Image_41_jpg.rf.f0b43b49b3277fe78ecbc7ed61245047.jpg, 1, 0, 0, 1, 1, 0, 0
Image_7_jpg.rf.f201b70ba14afd494b2264de557e8aa3.jpg, 1, 0, 0, 1, 1, 0, 0
Image_40_jpg.rf.ee2b86a24bfd4b64b07b61ef0b8680d5.jpg, 1, 0, 1, 1, 1, 0, 0
Image_94_jpg.rf.ee96434357338b03a57d1d88179c44b5.jpg, 1, 0, 1, 1, 1, 1, 0
Image_28_jpg.rf.f187ae256c532efad0524e085f129ad0.jpg, 1, 0, 0, 1, 1, 0, 0
Image_22_jpg.rf.f1dba466fb8e07b1847ae66171c179b4.jpg, 1, 0, 0, 1, 1, 0, 0
Image_9_jpg.rf.f0ccd9c4a98404870c5508ffd2c20090.jpg, 1, 0, 1, 1, 1, 0, 0
Image_70_jpg.rf.efa9a7a0e3e006d0d83faeafd346d229.jpg, 1, 0, 1, 1, 1, 1, 1
Image_78_jpg.rf.eef68111bb241bf735b8f3a331605b9d.jpg, 1, 1, 1, 1, 0, 0, 0
Image_76_png.rf.f0dd8baf16f49cf83133f7322fbff838.jpg, 1, 0, 0, 1, 1, 0, 0
Image_79_jpg.rf.ef18b9df9e0652c6503042172bfce38b.jpg, 1, 0, 1, 1, 1, 1, 1
Image_2_png.rf.f2b26a31c1cf70a17227dc3d0d9d7f39.jpg, 1, 1, 1, 1, 1, 0, 0
Image_32_JPG.rf.f3282bc974dd9d53bf9ee3ff179726ea.jpg, 1, 1, 1, 1, 0, 0, 0
Image_80_jpg.rf.f35ea9e471854fc69131b8d3b49b74b2.jpg, 1, 0, 1, 1, 1, 0, 0
Image_89_jpg.rf.f38fb3a496c73b1293979312ff1e7681.jpg, 1, 1, 0, 1, 0, 0, 0
Image_95_jpg.rf.f2dcf708e0c6d9520f6c69c5238e354a.jpg, 1, 0, 1, 1, 1, 0, 0
Image_49_jpg.rf.f334f8bbf95d48ddea344c8ee07a6151.jpg, 1, 0, 1, 1, 1, 0, 0
Image_51_jpg.rf.f3d1c141bd7b55779abcd52ba5cfd455.jpg, 1, 1, 1, 1, 0, 0, 0
Image_4_jpg.rf.f3e6640df2fbd341a23dd391238584b2.jpg, 1, 1, 1, 1, 1, 0, 0
Image_23_png.rf.f83d4de8643c6962141d118ecde0711b.jpg, 1, 0, 0, 1, 0, 0, 0
Image_42_jpg.rf.f5bd06ff5208ec48a670aaf6e41b02a4.jpg, 1, 1, 0, 1, 0, 0, 0
Image_2_jpg.rf.f5cf04dad9edb534135f55d16f9511d6.jpg, 1, 1, 1, 1, 1, 0, 0
Image_26_jpg.rf.f613561ad934262dce7a146b4d316548.jpg, 1, 0, 1, 1, 1, 0, 0
Image_43_jpg.rf.f8c5b623150e5541fba110c48b88c42a.jpg, 1, 0, 1, 1, 1, 0, 0
Image_98_jpg.rf.f841bde6e147a19bde82b67d0372eb21.jpg, 1, 0, 0, 1, 1, 0, 0
Capturrrrre_PNG.rf.f7debc77dd28ddff5621cac179409934.jpg, 1, 1, 1, 1, 0, 0, 0
Image_83_jpg.rf.f42bed287fb58f0a69448683bea59ef9.jpg, 1, 1, 1, 1, 1, 0, 0
Image_15_png.rf.f53a7b6cc5fe4c60004fca60fb10564f.jpg, 1, 0, 1, 1, 1, 0, 0
Image_12_jpg.rf.f7f43349e11ebdb49972dea487618d36.jpg, 1, 0, 1, 1, 1, 0, 0
1656668924531_page-0001_jpg.rf.f9ffa64afd6e67a3a76de122c0b13b7e.jpg, 1, 0, 1, 1, 1, 0, 0
Image_15_jpg.rf.fa63408c74b0382cb1ddeb9283f8629e.jpg, 1, 0, 1, 1, 1, 1, 1
Image_37_jpg.rf.f90c95e902aa846e9434ac9c015f788d.jpg, 1, 1, 1, 1, 0, 0, 0
Image_17_png.rf.f575a04a59e83b79a0e057ad88a512db.jpg, 1, 0, 1, 1, 1, 0, 0
Image_10_jpg.rf.fa3bb3889146f131301631184959f843.jpg, 1, 1, 1, 1, 0, 0, 0
Image_10_png.rf.f8cf7dc0ce3fd17de937aa0715dcf498.jpg, 1, 1, 0, 1, 0, 0, 0
Image_17_jpg.rf.f940cc7ef6d8be6ccb8578248d68358b.jpg, 1, 0, 1, 1, 1, 0, 0
Image_8_png.rf.f7e93e9e5ba4186442a84f11553ba390.jpg, 1, 1, 0, 1, 0, 0, 0
Image_32_jpg.rf.fb08079c4d6310413af25abc3abfbc32.jpg, 1, 1, 0, 1, 0, 0, 0
Image_66_jpg.rf.fa4e08071523940a21ac097d9764a45b.jpg, 1, 0, 0, 1, 1, 0, 0
Image_19_png.rf.f8d509d9ab3a5135015487207b925eed.jpg, 1, 1, 1, 1, 1, 1, 1
Image_8_png.rf.f856daeb1adfc0ab5912ff5cda0b56d4.jpg, 1, 1, 0, 1, 0, 0, 0
Caaaapture_PNG.rf.fbc0d8825de09b7cf276cbcf0c77f2f8.jpg, 1, 1, 1, 1, 0, 0, 0
Image_2_jpg.rf.fb617d95be7903b882891d3a5a08bae5.jpg, 1, 1, 0, 1, 1, 1, 0
Image_19_jpg.rf.fbd705b461c2e3c0d9799b71fb7a038e.jpg, 1, 1, 1, 1, 0, 0, 0
Image_20_png.rf.fd78f47d19790e617be1adcaecded74b.jpg, 1, 1, 0, 1, 0, 0, 0
Image_36_jpg.rf.fc643829d14fb1405504149464cec08a.jpg, 1, 1, 0, 1, 1, 0, 0
Image_12_jpg.rf.ff23b0b0b634f748be87718ef7664b28.jpg, 1, 0, 0, 1, 1, 0, 0
Image_54_png.rf.fe1dd23adfe384b3496880217347540b.jpg, 1, 0, 1, 1, 1, 0, 0
Image_61_jpg.rf.fe6f01fb47931e1e24a54106020431c3.jpg, 1, 1, 0, 1, 0, 0, 0
Image_12_jpg.rf.ff3d39bc9651584f1b6aede2e703ce7e.jpg, 1, 0, 1, 1, 1, 1, 1
Image_26_jpg.rf.fe85856b7e091ab64eae5bc1ae4831c9.jpg, 1, 0, 1, 1, 1, 0, 0
Image_20_jpg.rf.fe45828babfb874232de2d309f47bfc4.jpg, 1, 1, 1, 1, 1, 0, 0
Image_8_jpg.rf.feb9b918a02f8f6f538f9ff5d2945216.jpg, 1, 0, 0, 1, 1, 0, 0
Image_34_png.rf.fc438835eea8c394d18d6222e5f6b939.jpg, 1, 1, 0, 1, 1, 0, 0
Image_100_jpeg.rf.fe1df87fb90d314a948b16dbeb260530.jpg, 1, 1, 0, 1, 0, 0, 0
Image_44_jpg.rf.fed44834bcdd859c10d75d68a907e124.jpg, 1, 1, 0, 1, 0, 0, 0
Image_57_jpg.rf.ffa0882fe327526f61cb0cef6704c301.jpg, 1, 1, 0, 1, 0, 0, 0
Image_38_jpg.rf.ff056ed43610aa96bf208e1ac4b061b1.jpg, 1, 1, 0, 1, 1, 1, 1
Image_61_jpg.rf.fe5dfe06753ba6c1502decc4e83e3dc9.jpg, 1, 1, 0, 1, 0, 0, 0
Image_40_jpg.rf.55d8102c94ac40e7aaadbf5819929f47.jpg, 1, 0, 1, 1, 1, 0, 0
Image_32_jpg.rf.5659a23d8d3796542469638af90ea1da.jpg, 0, 0, 0, 0, 0, 0, 0
Image_57_jpg.rf.5698e1b09967b3c0d29c09e144f44f8c.jpg, 1, 1, 0, 1, 0, 0, 0
Image_73_jpg.rf.572ff751229356b40abecedfa53d6c0f.jpg, 1, 1, 1, 1, 1, 0, 0
Image_2_jpg.rf.57aa31415bfe6db888ba357e30b5977d.jpg, 1, 1, 0, 1, 1, 1, 0
Image_88_jpg.rf.57cccef4d440d9fe61ef3927d4b5f9ff.jpg, 1, 0, 1, 1, 1, 0, 0
Image_18_jpg.rf.57cdf249ac10b1c002e264a46c4a33dd.jpg, 1, 0, 1, 1, 1, 0, 0
Image_19_jpg.rf.583fcddbdd1b2822d6bb884b67a38474.jpg, 1, 1, 1, 1, 1, 0, 0
Image_56_jpg.rf.58eb006592672b6fad276ed51c818915.jpg, 1, 0, 0, 1, 1, 0, 0
Image_29_png.rf.5931b7396746e489d3ddb3c72b0f7165.jpg, 1, 1, 1, 1, 1, 0, 0
Image_17_jpg.rf.59634e393ae7aebd705dcc422fa11fae.jpg, 1, 1, 0, 1, 0, 0, 0
Image_65_jpg.rf.596c129d36557a1d9eb151e2fc7b7750.jpg, 1, 0, 1, 1, 1, 0, 0
Image_15_jpg.rf.59805f8773583e45d9d8dfec67179b5d.jpg, 1, 0, 0, 1, 1, 0, 0
Image_42_jpg.rf.59834ab64060875fd15c7288c679ef15.jpg, 1, 1, 0, 1, 0, 0, 0
Image_7_png.rf.5a3e53cb7a911a25d00a8d8070a450f3.jpg, 1, 1, 1, 1, 0, 0, 0
Image_2_png.rf.5a94e0d6dfbeadcddaf304ad17f86894.jpg, 1, 1, 1, 1, 1, 0, 0
Image_60_jpg.rf.597eaa0ce92f5603f761679756c956c5.jpg, 1, 0, 1, 1, 1, 0, 0
Image_43_jpg.rf.5aff918670b24bdcbed46e13cb34d636.jpg, 1, 0, 0, 1, 1, 0, 0
Image_1_jpg.rf.5a6c25a984e47c794a68c4f604d66670.jpg, 1, 0, 0, 1, 1, 0, 0
Image_12_jpg.rf.5afa96b3a2a20ec153f4ea8dc106343e.jpg, 1, 0, 1, 1, 1, 1, 1
Image_78_jpg.rf.5b521193b3c8e63b086427a5f7b66720.jpg, 1, 1, 1, 1, 0, 0, 0
Image_47_jpg.rf.5b66dca0f0e56b3cbc9302936f5125df.jpg, 1, 0, 1, 1, 1, 0, 0
Image_51_jpg.rf.5bf47cc54a7b0cce9f18453dd6045ea0.jpg, 0, 0, 1, 1, 1, 0, 0
Image_77_png.rf.5b9f0cca1cb8383bc13cbce82f1bf15a.jpg, 1, 0, 1, 1, 1, 0, 0
Image_40_jpg.rf.5b0b1527326dd8720f62ff1563067390.jpg, 1, 0, 1, 1, 1, 0, 0
Image_43_jpg.rf.5c09a4ce427dae1e19a7b0978131b665.jpg, 1, 0, 0, 1, 1, 0, 0
Image_3_jpg.rf.5e170747183e2eb6f851faf62a50e882.jpg, 0, 0, 0, 0, 0, 0, 0
Capturrrrre_PNG.rf.5e37f32bd5ae8446ff0581d3cd5a591d.jpg, 1, 1, 1, 1, 0, 0, 0
Image_42_jpg.rf.5e82a9d8e6b4dcec385f15e5f5b1b51a.jpg, 1, 0, 0, 1, 1, 0, 0
Image_51_jpg.rf.5d8d179984f5a9050e3295459cfc5944.jpg, 0, 0, 1, 1, 1, 0, 0
Image_19_jpg.rf.5ca97a4d8b6b9a1dded55fde98ac3371.jpg, 1, 1, 0, 1, 1, 1, 0
Image_16_png.rf.5f781cb009f15fdd99cbe15580a78f03.jpg, 1, 0, 1, 1, 1, 0, 0
Image_16_jpg.rf.5df26d8e089117941b18a2710e657c40.jpg, 1, 0, 0, 1, 1, 0, 0
Image_88_jpg.rf.5c1d51a5cf08166dbb23ec8a10128014.jpg, 1, 0, 1, 1, 1, 0, 0
Image_90_jpg.rf.5e3fe7b36b030452cb11a4fea6437999.jpg, 1, 0, 0, 1, 1, 0, 0
Image_39_png.rf.5f7c798182c3fce9fda2af2be2b9d39a.jpg, 1, 1, 0, 1, 0, 0, 0
1656668924531_page-0001_jpg.rf.5c1c17813b2f9951fef0d3ece11fca9c.jpg, 1, 0, 1, 1, 1, 0, 0
Image_26_jpg.rf.5ea5b1803340de393ac274c182d55fb3.jpg, 1, 0, 1, 1, 1, 0, 0
Image_76_jpg.rf.5ee4454842e8f995baa48a4a98ad9df2.jpg, 1, 0, 1, 1, 1, 0, 0
Image_38_jpg.rf.5f06d38d3376b588a9e1f672f5d48b9d.jpg, 1, 1, 0, 1, 1, 1, 1
Image_7_jpg.rf.618c6b279104d8a2e2089c6b468efce5.jpg, 1, 1, 0, 1, 1, 0, 0
Image_55_png.rf.5fa8cf3628b5d3e9b30eeab0b21e8082.jpg, 1, 0, 0, 1, 1, 0, 0
Image_32_jpg.rf.617fa1619044c2506bdc090860712a48.jpg, 1, 0, 1, 1, 1, 0, 0
Image_14_jpg.rf.602a6c39a25e5cce9f0a9ee57b922180.jpg, 1, 0, 1, 1, 1, 0, 0
Image_15_jpg.rf.61a8ff6fd8e93d2b0407af4406215392.jpg, 1, 1, 0, 1, 0, 0, 0
Image_11_png.rf.5ccf6d1ea5d9814fba740f0c1de2e339.jpg, 1, 0, 1, 1, 1, 0, 0
Image_57_jpg.rf.5fefbc0bb9dde983ded507fc3232a970.jpg, 1, 0, 0, 1, 1, 0, 0
Image_48_jpg.rf.610896881b043006354c7d1b24960d78.jpg, 1, 0, 0, 1, 1, 0, 0
Image_43_png.rf.61c250a630159648ec69488d027b8c38.jpg, 1, 0, 0, 1, 1, 0, 0
Image_6_png.rf.61b11b655b22b5f99a3ee6aeb41c4996.jpg, 1, 0, 0, 1, 1, 0, 0
Image_63_jpg.rf.61db29efb8a49cf6b4d8fa702b094d8c.jpg, 1, 1, 0, 1, 0, 0, 0
Image_3_jpg.rf.62f646472864610cf967b03ddd1c83b2.jpg, 1, 0, 1, 1, 1, 0, 0
Image_16_png.rf.632a639cb6da5b3f163849da50368b4b.jpg, 1, 1, 0, 1, 1, 0, 0
Image_68_jpg.rf.61d9a02c95af98857256e0342e9e6f04.jpg, 1, 0, 0, 1, 0, 0, 0
Image_39_jpg.rf.6063c7ec050385b80fa385f37820c11f.jpg, 1, 0, 0, 1, 1, 0, 0
Image_84_jpg.rf.62f639c80cb8c08b8c13eaf39cf09d84.jpg, 1, 0, 0, 1, 1, 0, 0
Image_43_jpg.rf.61d7fd39f63d3758e3951427f9f3b756.jpg, 1, 0, 0, 1, 1, 0, 0
Image_22_jpg.rf.63456ba27598f1683ea8719e73b1663a.jpg, 1, 1, 0, 1, 1, 0, 0
Image_12_jpg.rf.6469c4a1757ded94f376ae5655699b2d.jpg, 1, 0, 1, 1, 1, 0, 0
Image_19_jpg.rf.649a18273972531872e496d5252cbb12.jpg, 1, 0, 1, 1, 0, 0, 0
Image_15_jpg.rf.654777be09874c9394e0c2f108d433ca.jpg, 1, 1, 0, 1, 1, 1, 0
Image_47_jpg.rf.63890a5f384aa8991ab6da9a4cb984f4.jpg, 1, 0, 0, 1, 1, 0, 0
Image_6_png.rf.64a9a78f2a9d637c516db1288e4eaa1e.jpg, 1, 0, 0, 1, 1, 0, 0
Image_4_jpg.rf.64054bad26b4bc01df6fd78cf0476f13.jpg, 1, 1, 1, 1, 1, 0, 0
Image_1_jpg.rf.657e1516d6a866d2141b310e2c2ce217.jpg, 1, 0, 1, 1, 1, 0, 0
Image_10_png.rf.658e1c9123f5e3716995cded1fd56cee.jpg, 1, 1, 0, 1, 0, 0, 0
Image_92_jpg.rf.66bc96f51165cef71618411edaef4646.jpg, 1, 1, 1, 1, 0, 0, 0
Image_49_jpg.rf.68b209bd9dc1d0763465dcaa58791512.jpg, 1, 0, 0, 1, 0, 0, 0
Image_17_jpg.rf.6718f5aaf9eb0a8b17016d7a1ea2f134.jpg, 1, 0, 1, 1, 1, 0, 0
Image_46_jpg.rf.6791c24c76049a71a5d3cfd7f268780f.jpg, 1, 0, 1, 1, 1, 0, 0
Image_51_png.rf.6762cd5c01d3e6d273d80c5615376b97.jpg, 1, 1, 0, 1, 0, 0, 0
Image_80_jpg.rf.684274a9fed0bc1c25712606268e49a9.jpg, 1, 0, 1, 1, 1, 0, 0
Image_26_jpg.rf.676874602677a6d778ae3f7cb8c401cb.jpg, 1, 0, 1, 1, 1, 0, 0
Image_24_jpg.rf.693651b3b51e24af9475510580fe4011.jpg, 1, 0, 0, 1, 1, 0, 0
Image_36_png.rf.6929ef60d7020718f63909c5ed5bf9c2.jpg, 1, 1, 1, 1, 1, 0, 0
Image_36_png.rf.685020f9b2587c6f7d2446308ab69fbf.jpg, 1, 0, 1, 1, 1, 0, 0
Image_78_jpg.rf.65e43ef71115c7dd756b5fb012e72c1f.jpg, 1, 1, 1, 1, 0, 0, 0
Image_76_jpg.rf.65ffecfa02af90e38e049dc548322c9d.jpg, 0, 0, 0, 0, 0, 0, 0
Image_18_png.rf.6a07dc492ee0746bf7233995f4ed6b34.jpg, 1, 1, 0, 1, 0, 0, 0
Image_19_jpg.rf.68bba9f96d6a44556829b267b643b3cc.jpg, 1, 1, 1, 1, 1, 0, 0
Image_25_jpg.rf.6964fe266d6dee7a72729569caf55331.jpg, 1, 1, 0, 1, 1, 1, 1
Image_63_jpg.rf.668d6feb1acbe63e644ddab52ca28c00.jpg, 1, 0, 1, 1, 1, 0, 0
Image_22_jpg.rf.66d307e95bdb022af705234d1bcf7a0c.jpg, 0, 0, 0, 0, 0, 0, 0
Image_49_jpg.rf.67fc2c8ca98fbf08e535094db7d23093.jpg, 1, 1, 0, 1, 1, 0, 0
Image_9_jpg.rf.6b2ab23a182940df36c8461288d8d432.jpg, 1, 1, 0, 1, 1, 1, 0
Image_51_png.rf.6b4b7b142f381b783f503e324b6059c0.jpg, 1, 1, 0, 1, 0, 0, 0
Image_73_jpg.rf.6a03287a15fe40c9afc25e2bea2c6e19.jpg, 1, 1, 1, 1, 1, 0, 0
Image_10_jpg.rf.6bebb35a6be4ec407f36f9d39ac34d42.jpg, 1, 1, 0, 1, 1, 0, 0
Image_19_jpg.rf.6b0b2846af778f3b944e5877aaf7d0de.jpg, 1, 1, 1, 1, 1, 0, 0
Image_5_jpg.rf.6bbd31ca9721645d7dd7389bbbfa9ebf.jpg, 1, 0, 1, 1, 1, 0, 0
Image_36_jpg.rf.6c0f73c89884dc666d552b59f96ab5d9.jpg, 1, 1, 0, 1, 1, 0, 0
Image_64_jpg.rf.6c6a436deccb321fc48e70c9297e030f.jpg, 1, 1, 0, 1, 0, 0, 0
Image_36_jpg.rf.66797d99e96b0ae42017641e0adf85ab.jpg, 1, 1, 0, 1, 0, 0, 0
Image_13_jpg.rf.6c3ec8bbb1d2f1e45c43d3d7dec9fb60.jpg, 1, 0, 1, 1, 1, 0, 0
Image_34_png.rf.6c9f38341f6f59e0bd645e3086757e62.jpg, 1, 1, 0, 1, 1, 0, 0
Image_22_jpg.rf.6d3129e3a1631a0c3aa00132d092dc1d.jpg, 1, 0, 1, 1, 1, 0, 0
cvHajerJaffeli_page-0001_jpg.rf.6aff0a06ea0ac3f27c31fd8cd5f985b8.jpg, 1, 0, 1, 1, 1, 0, 0
Image_19_jpg.rf.6c9ed7ada919048b2a6cb9cf2d1d6cce.jpg, 1, 1, 1, 1, 0, 0, 0
Image_44_jpg.rf.6e3861764d4e7e3cab12d6156bf0bfe7.jpg, 1, 1, 1, 1, 1, 1, 0
Image_26_jpg.rf.6cf2ecc0bf5670cdc2bc00bda1c84ebc.jpg, 1, 0, 1, 1, 1, 0, 0
Image_20_png.rf.6eb4c70b7cd3f6c720213b32efecbe3c.jpg, 1, 0, 0, 1, 1, 0, 0
Image_9_jpg.rf.6d347523acfe98a48ad9a1b797bdc995.jpg, 1, 0, 0, 1, 1, 0, 0
1656668924531_page-0001_jpg.rf.6e21dda3cd4036bdf1370232f2dae184.jpg, 1, 0, 1, 1, 1, 0, 0
Image_92_jpg.rf.6f3ec826f0607246682d16f55a118a8a.jpg, 1, 1, 1, 1, 0, 0, 0
Image_8_jpg.rf.6cf8dbc3634c4eb58615c842afebefd0.jpg, 1, 0, 1, 1, 1, 0, 0
Image_41_png.rf.6f2b64d488550bb8d16dba74855b49ab.jpg, 0, 0, 0, 0, 0, 0, 0
Image_26_jpg.rf.6bdf24786b069cc9213825cea23bcc08.jpg, 1, 1, 0, 1, 0, 0, 0
Image_46_png.rf.6ff13eef2361a545ea3d5ff28cf5aa92.jpg, 1, 1, 0, 1, 0, 0, 0
Image_8_jpg.rf.6f43f0db08a53adc80196f81b95b1471.jpg, 1, 0, 1, 1, 1, 1, 1
Image_8_jpg.rf.6da8c9159db2470f182e54a46b8701b7.jpg, 1, 0, 1, 1, 1, 1, 1
Image_43_png.rf.6f40215c0ed169dbe960299e5cf2cda9.jpg, 1, 0, 0, 1, 1, 0, 0
Image_13_png.rf.6c6c6d623e3abf25131396df1bd6a97b.jpg, 1, 0, 0, 1, 1, 0, 0
Image_76_png.rf.6e8c327e1c3ffeed3ea3e67e8ae3930a.jpg, 1, 0, 0, 1, 1, 0, 0
Image_11_jpg.rf.6f72360b5299b72a0b188eb6ecc04489.jpg, 1, 0, 1, 1, 1, 0, 0
Image_49_png.rf.6fb247718414f20933f9055409942879.jpg, 1, 0, 0, 1, 1, 0, 0
Image_80_jpg.rf.6d6e4917c0ba8ab8145548d7b6af9d1e.jpg, 1, 0, 1, 1, 1, 0, 0
Image_21_jpg.rf.702a5a9e8b89252cd036b84ee2470632.jpg, 1, 0, 1, 1, 1, 0, 0
Cappppppppppture_PNG.rf.6ff2ecc96276294ed8491a291186a457.jpg, 1, 1, 1, 1, 1, 0, 0
Image_69_jpg.rf.6eb7eeb5b1c0fd230bd67dc0bb0406af.jpg, 1, 1, 1, 1, 1, 0, 0
Image_66_jpg.rf.701f72bfab66507810691dcb8aedfc3e.jpg, 1, 0, 0, 1, 1, 0, 0
Image_10_jpg.rf.706f1cac6894d1270363228cb8a8006b.jpg, 1, 1, 0, 1, 1, 0, 0
Image_12_jpg.rf.708bfd12f7c31e1d697c79125c80f31f.jpg, 1, 0, 1, 1, 1, 0, 0
Image_7_jpg.rf.717532ef3861358a49c1a21a645e74d9.jpg, 1, 0, 1, 1, 1, 0, 0
Image_18_jpg.rf.714ea1f6b790cc3815fc56f8ace2f669.jpg, 1, 1, 0, 1, 1, 1, 1
Image_16_png.rf.7269d11639773dc9e977bd620e4984d0.jpg, 1, 1, 0, 1, 1, 0, 0
Image_79_jpg.rf.736b0597dcb3e3f96a814839d8f2f02b.jpg, 1, 0, 1, 1, 1, 1, 1
Image_48_jpg.rf.755563a0cf23680ac23e6d7f97e1772a.jpg, 1, 0, 1, 1, 1, 0, 0
Image_45_jpg.rf.70764cb7e98cbb5f284b7d76f0aabec2.jpg, 0, 1, 1, 1, 1, 1, 1
Image_48_png.rf.70fd012794cfe04e577e9f6d23847491.jpg, 1, 0, 0, 1, 0, 1, 1
Image_64_jpg.rf.74c6c4d996431ecde502b7543b925400.jpg, 1, 1, 1, 1, 0, 0, 0
Image_34_png.rf.75562b62ef3b26371e7801ed7300f621.jpg, 1, 1, 0, 1, 1, 0, 0
Image_9_jpg.rf.717dbe99ebf921947fc922f7a0345bbd.jpg, 1, 0, 1, 1, 1, 0, 0
Image_5_jpg.rf.73b6cee0fb8bc2df9e92441babb97db8.jpg, 1, 1, 0, 1, 1, 0, 0
Image_53_jpg.rf.72e0399a4c8985967234bdf31e4ed90a.jpg, 1, 1, 1, 1, 1, 0, 0
Image_9_jpg.rf.7434c5d9812ad2c4cd47e8ec51ab44b3.jpg, 1, 1, 0, 1, 1, 0, 0
Image_38_jpg.rf.73a89aa95e673029338c79f1397124e5.jpg, 1, 0, 1, 1, 1, 0, 0
Image_15_jpg.rf.72efe53df662f2e00f94fec255115104.jpg, 1, 1, 1, 1, 1, 0, 0
Image_15_jpg.rf.7388343b76d6ead9120aed7949a56ac3.jpg, 1, 0, 0, 1, 1, 0, 0
Image_11_jpg.rf.728e48e4e8454dda2c26199b3ea7ee3d.jpg, 1, 0, 1, 1, 1, 0, 0
Image_17_jpg.rf.72ff843e8aa153f2a119f80bb2e97591.jpg, 1, 1, 1, 1, 0, 0, 0
Image_22_jpg.rf.7503f29fbcc12034ab5b15d13efb8e63.jpg, 1, 0, 1, 1, 1, 0, 0
Image_19_jpg.rf.71b19682247d0c3c27a729dbcd0acfc1.jpg, 1, 1, 0, 1, 1, 1, 0
Image_9_png.rf.723f6aeaf5323f03907dc19ab90a55d2.jpg, 1, 0, 0, 1, 0, 0, 0
Image_43_jpg.rf.763548fb3f67ba367e85dd64d355c66c.jpg, 1, 0, 0, 1, 1, 0, 0
Image_92_png.rf.76ac107420adf6be4a3bef22384136e7.jpg, 1, 0, 1, 1, 1, 0, 0
Image_21_jpg.rf.7092db0df3ca121bd2a8416ef1415bbf.jpg, 0, 0, 0, 1, 0, 0, 0
Image_1_jpg.rf.735ea43973a31ad2fbea720a5dd6ccc3.jpg, 0, 0, 1, 1, 1, 0, 0
Image_52_png.rf.76f1955b332c881280e6927537005c14.jpg, 1, 1, 0, 1, 1, 0, 0
Image_39_jpg.rf.770fa8bdda30ef432b68574a2021f927.jpg, 1, 0, 0, 1, 1, 0, 0
Image_4_jpg.rf.71c536d5656eb0b6f521387b4d93cde3.jpg, 1, 1, 0, 1, 1, 0, 0
Image_48_png.rf.782f3143877a754950fb2c9fe755a1c3.jpg, 1, 0, 0, 1, 0, 1, 1
Image_13_jpg.rf.7825f18a47ed978b0688fab876660553.jpg, 1, 0, 1, 1, 1, 0, 0
Image_92_png.rf.779b510ff6a3d071e004ac8a24cc5db4.jpg, 1, 0, 1, 1, 1, 0, 0
Image_19_jpg.rf.79969eaf5311a08ae89c84d40d1b4a09.jpg, 1, 1, 1, 1, 1, 0, 0
Image_10_jpg.rf.7a09854af6ce8541d564cbfce9ea99f4.jpg, 1, 0, 1, 1, 1, 0, 0
Image_52_jpg.rf.79c03ebde4b7eced09b0fab96af65fd2.jpg, 1, 0, 1, 1, 1, 0, 0
Image_12_jpg.rf.7a68b62be9918fadc85c622d3cb152d4.jpg, 1, 1, 1, 1, 1, 0, 0
Image_80_jpg.rf.782968ccc78d52e0f42415227d2dd17c.jpg, 1, 0, 1, 1, 1, 0, 0
Image_53_jpg.rf.7a9b0dd23c8862dd99643efca8b35b02.jpg, 1, 1, 1, 1, 1, 0, 0
Image_18_jpg.rf.77071f6ff5ecf2648fd87a956ac60948.jpg, 1, 1, 0, 1, 0, 0, 0
Image_15_jpg.rf.780d7a7e6a4c58d6f84c4e1672cfd73b.jpg, 1, 1, 0, 1, 0, 0, 0
Image_84_jpg.rf.7c1a61970a7d02f4b6bb0f63a64e64f2.jpg, 1, 1, 0, 1, 1, 0, 0
Image_32_jpg.rf.7c462577733c5597a0cf52494b49ec9a.jpg, 1, 0, 1, 1, 1, 0, 0
Image_8_jpg.rf.7c31ff9e55e0119a524b3126dc12694a.jpg, 1, 0, 1, 1, 1, 0, 0
Image_44_jpg.rf.7cce1a9f73e1fa622367a4e1b5d67479.jpg, 1, 0, 1, 1, 1, 0, 0
Image_42_jpg.rf.7bb44495acbf659acade1f1a533c6d8d.jpg, 1, 1, 0, 1, 1, 0, 0
Image_59_jpg.rf.7a387157c58691782cbb4a1dc5ecca43.jpg, 1, 1, 0, 1, 0, 0, 0
Image_15_jpg.rf.78f59ce59dd02d608665a6d930631c22.jpg, 1, 1, 1, 1, 1, 0, 0
Image_47_jpg.rf.7d516a687fac9c0d4df1b523b24e828f.jpg, 1, 0, 0, 1, 1, 0, 0
Image_10_jpg.rf.7b8f9ce938baaca88b9c18e9dca0b365.jpg, 1, 1, 1, 1, 0, 0, 0
Image_27_jpg.rf.7dde64a8a9585d31e96b274ddc26c229.jpg, 1, 1, 1, 1, 1, 1, 1
Image_91_jpg.rf.7784dec4e5004aa794428e743dee58d8.jpg, 1, 1, 0, 1, 0, 0, 0
Image_31_jpg.rf.7d86a2bb006961c16332f09e842daa28.jpg, 1, 0, 1, 1, 1, 0, 0
Image_65_jpg.rf.7dfa7461f91b9c5975c8561c13d5861b.jpg, 1, 0, 1, 1, 1, 0, 0
Image_53_jpg.rf.794fa99579d85d338f46114c4921508e.jpg, 1, 1, 1, 1, 0, 0, 0
Image_45_jpg.rf.77e325912aea5663bc5105ff8677f522.jpg, 0, 1, 1, 1, 1, 1, 1
Image_48_jpg.rf.7a9ce9db17f26a32c2daa7ba756f2a7c.jpg, 1, 0, 0, 1, 1, 0, 0
Image_12_jpg.rf.79bd8b354d46cffb27da4c348cb91ed9.jpg, 1, 1, 1, 1, 1, 1, 1
Image_4_jpg.rf.7f4a580212fe56bf696768776defab44.jpg, 0, 0, 1, 1, 1, 1, 1
Image_2_png.rf.7ebad687a7dc49afbb377fc3e97f85cb.jpg, 1, 0, 1, 1, 0, 0, 0
Image_20_jpg.rf.7e8194e42f067ce5dc9d61967bceda11.jpg, 1, 0, 0, 1, 1, 0, 0
Image_26_jpg.rf.7f492dcb38e55f28710f81a41d603708.jpg, 1, 0, 1, 1, 1, 0, 0
Image_44_png.rf.7e7ddfdf0ba9b14565afd0a4ec70a000.jpg, 1, 1, 0, 1, 1, 1, 1
Image_71_jpg.rf.7ea34917d050c3c2f8f112e5ae7c3a69.jpg, 1, 1, 1, 1, 1, 0, 0
Image_70_png.rf.7e9c3ac7febf11ca57824424bc7bc50c.jpg, 1, 0, 0, 1, 0, 0, 0
Image_77_jpg.rf.7e4412143b89cd3d394e7450bb852482.jpg, 1, 0, 0, 1, 1, 0, 0
Image_80_jpg.rf.813da6b3c160bcc4efb3ec17fe94f5a6.jpg, 1, 0, 1, 1, 1, 0, 0
Image_25_jpg.rf.7faa393f80a68987a5720049c06ac3b2.jpg, 1, 1, 0, 1, 1, 1, 1
Image_18_jpg.rf.7fe520f877392842532d3ec27fc90b51.jpg, 1, 1, 0, 1, 0, 0, 0
Image_87_jpg.rf.7f12daf6a0aee011f4014f6db57e816e.jpg, 1, 0, 1, 1, 1, 0, 0
Image_27_jpg.rf.7fd5776d401f2c042d3b97d07206793e.jpg, 1, 1, 0, 1, 1, 0, 0
Image_54_png.rf.809186e0ea6556da24e6f59efa16ff05.jpg, 1, 0, 1, 1, 1, 0, 0
Image_57_jpg.rf.81a3cd928fff632df371c203337bdfeb.jpg, 1, 1, 0, 1, 0, 0, 0
Image_35_jpg.rf.824fbcaf42dc0ac1e0bd79d467ca46d4.jpg, 1, 0, 1, 1, 1, 0, 0
Image_1_jpg.rf.822afab32f6a915ed875a076d51ca045.jpg, 1, 1, 0, 1, 1, 0, 0
Image_61_jpg.rf.823984a0a6e534c05ef173b20646dd3d.jpg, 0, 0, 0, 0, 0, 0, 0
Image_34_png.rf.8236d029629124f2e266c4154085f963.jpg, 1, 1, 1, 1, 1, 0, 0
Image_36_jpg.rf.838db246990ff00e4b08446be1893cb3.jpg, 1, 0, 1, 1, 1, 0, 0
Image_59_jpg.rf.82e638a0929d97df51566e303ac64516.jpg, 1, 1, 0, 1, 0, 0, 0
Image_73_jpg.rf.827eebe42bdbf6974b5a5e7a3d472c42.jpg, 1, 1, 1, 1, 1, 0, 0
Image_18_jpg.rf.84296ba3296ad30e25b0407d0d908f0b.jpg, 1, 0, 1, 1, 1, 0, 0
Image_29_png.rf.827f4641a19cbcfa59788a0a41c05bbe.jpg, 1, 0, 1, 1, 1, 0, 0
Image_65_jpg.rf.815c0b47164b3e69417c8049d0d609c1.jpg, 1, 0, 1, 1, 1, 0, 0
Image_27_JPG.rf.84195bc46d6fe3ff6267351543ae5a2f.jpg, 1, 1, 1, 1, 1, 0, 0
Image_12_jpg.rf.82a1175e633cdf16b804c4e3fc2437b9.jpg, 1, 1, 1, 1, 1, 1, 1
Image_71_jpg.rf.7fec75c0d92ab17faf2696259df0d91b.jpg, 1, 0, 1, 1, 1, 0, 0
Image_44_png.rf.848759b4e7cd890f329e6c5d2d4ceee7.jpg, 1, 1, 0, 1, 0, 0, 0
Image_10_jpg.rf.85a9ca3344ad61d66b21d8278c074467.jpg, 1, 0, 1, 1, 1, 0, 0
Image_9_jpg.rf.83c9c58b835fee3d961065ebf13968b0.jpg, 1, 0, 0, 1, 1, 0, 0
Image_3_jpg.rf.83b16fee1a3c0e0f3b7a8d67ed8630d0.jpg, 1, 0, 0, 1, 1, 0, 0
Image_72_jpg.rf.860d84e7ea4beb3196c9536a0137672d.jpg, 1, 0, 1, 1, 1, 1, 1
Image_40_jpg.rf.8698ddc11bfbe6214c2919924b02455b.jpg, 1, 0, 1, 1, 1, 0, 0
Image_80_jpg.rf.863726aec8f7d75b0a3825fe4ca9b778.jpg, 1, 0, 1, 1, 1, 0, 0
Image_18_png.rf.801cf14d1676ec27dd65666e01d3515b.jpg, 1, 1, 0, 1, 0, 0, 0
Image_2_jpg.rf.8804bc2444d7308eeae6597a62e5d584.jpg, 1, 1, 1, 1, 0, 0, 0
Image_25_png.rf.86b4817bef4c821932b56a5c1283f9f0.jpg, 1, 0, 0, 1, 1, 0, 0
Image_69_jpg.rf.880f7795ac57da0fa7801d32a2185d76.jpg, 1, 1, 1, 1, 1, 0, 0
Image_2_png.rf.8802e0eb0cea14c7f6a77693b9a715bc.jpg, 1, 1, 1, 1, 1, 0, 0
Image_11_jpg.rf.875cbbf58401fe703da6bff376f9ab3c.jpg, 0, 0, 1, 0, 0, 0, 0
Image_90_jpg.rf.8679528f45d7b182f5fc3ba818f8454e.jpg, 1, 0, 0, 1, 1, 0, 0
Image_65_jpg.rf.86221af4d6efb630908ba2bf2ada889d.jpg, 1, 0, 0, 1, 1, 0, 0
Image_21_jpg.rf.8859a7073add1c33707a3e7b2670a350.jpg, 1, 1, 0, 1, 1, 1, 0
Image_5_jpg.rf.8077f50c12f2b9d1b886bd1f66de3656.jpg, 1, 0, 1, 1, 1, 0, 0
Image_12_jpg.rf.89a495208336040365a040d325b9a5b6.jpg, 1, 0, 0, 1, 1, 0, 0
Image_36_jpg.rf.83822c92595f5816c9d9b9c7effb8d14.jpg, 1, 0, 1, 1, 1, 0, 0
Image_51_png.rf.8941dc14216f8f176dfd7104b7b8593f.jpg, 1, 1, 0, 1, 0, 0, 0
Image_68_jpg.rf.876ba04cb05feeb44d80758a67c5b5bf.jpg, 1, 0, 0, 1, 0, 0, 0
Image_45_jpg.rf.89c63860bce55c66741c72c3b3c182bb.jpg, 1, 1, 0, 1, 1, 0, 0
Image_17_jpg.rf.89ef46e14fe70b93fa5522c935e99e19.jpg, 1, 0, 1, 1, 1, 0, 0
Image_61_jpg.rf.895b42ed287efaad17344b7a80e8d114.jpg, 1, 1, 0, 1, 0, 0, 0
Image_4_jpg.rf.88826d217f27fcca407f1ab4fd53297f.jpg, 1, 1, 0, 1, 1, 0, 0
Image_76_jpg.rf.8394e9719fad688640db74da1c2b2bce.jpg, 0, 0, 0, 0, 0, 0, 0
Image_54_jpg.rf.8adc945cc93e7db0e605b3699e1f3291.jpg, 1, 0, 1, 1, 1, 0, 0
Image_15_jpg.rf.8b242c21aabcd40f117a042f44901242.jpg, 1, 1, 0, 1, 1, 1, 0
Image_22_jpg.rf.8a81a1d6f8870e653cc237d47ebc8adc.jpg, 1, 0, 1, 1, 0, 0, 0
Image_65_jpg.rf.8ba6de57a1b9ab3eb4b980e4f1a3d3ca.jpg, 1, 0, 1, 1, 1, 0, 0
Image_3_jpg.rf.8a0a5a5d77e6b6230c2297cb3e2abf5e.jpg, 1, 0, 0, 1, 1, 0, 0
Image_40_jpg.rf.8beafa11666252fd043dc0c1957be4a3.jpg, 1, 0, 1, 1, 1, 0, 0
Image_9_jpg.rf.8d4353ba9f283b7dfda43b7fa7830ab1.jpg, 1, 1, 0, 1, 1, 1, 0
Image_71_jpg.rf.8ba17b53bf29f447df08690206761b22.jpg, 1, 0, 1, 1, 1, 0, 0
Image_65_jpg.rf.8ca37275f0f61d64fc8a4e39bb3a0f0d.jpg, 1, 0, 1, 1, 1, 0, 0
Image_63_jpg.rf.8cc82f80a971801ed0c5f2a44ad2e3e0.jpg, 1, 0, 1, 1, 1, 0, 0
Image_51_png.rf.890e77ea0f18526847814a50e272da23.jpg, 1, 1, 0, 1, 0, 0, 0
Image_71_jpg.rf.8c22ecc86fe02cae3ab0700949272cdc.jpg, 1, 0, 1, 1, 1, 0, 0
Image_13_jpg.rf.8f1ae726d8ad87d2857c0fa484899cc2.jpg, 1, 1, 1, 1, 1, 0, 0
Image_4_jpg.rf.8fa5d25c0c2076dda3912a37e256c42c.jpg, 1, 1, 0, 1, 1, 0, 0
Image_16_jpg.rf.8c8bde89cec68e26f3e8704dcf6d75e9.jpg, 1, 1, 1, 1, 1, 0, 0
Image_4_png.rf.8f417218248ffecd679201ad6163b689.jpg, 1, 1, 0, 1, 0, 0, 0
Image_51_png.rf.8d407cd41994e2472538f0e6b2d57524.jpg, 1, 1, 0, 1, 0, 0, 0
Image_25_jpg.rf.8b1298b57e5f3d8af5a1b65aeb715ac2.jpg, 1, 1, 1, 1, 1, 0, 0
Image_40_jpg.rf.01ddd36a6afc2201dcdb32b08330c796.jpg, 1, 0, 1, 1, 0, 0, 0
Image_36_jpg.rf.00ba6664849b2ef8039b8945a4cbef63.jpg, 1, 1, 0, 1, 0, 0, 0
Image_25_jpg.rf.009059b970d8eee986e8e9008e19fb9c.jpg, 1, 1, 0, 1, 1, 1, 1
Image_70_png.rf.01290608f75d2d47b7bfd90932d411d8.jpg, 1, 0, 0, 1, 0, 0, 0
Image_32_jpg.rf.01ed5c4ce59b297a9bceca63589a83ca.jpg, 0, 0, 0, 0, 0, 0, 0
Image_64_jpg.rf.003620349f23c6704ee513c86290a7b5.jpg, 1, 1, 0, 1, 0, 0, 0
Image_84_jpg.rf.02913c4ebfc8182098dad7e8aa5c6237.jpg, 1, 1, 0, 1, 1, 0, 0
Image_12_jpg.rf.0266de368989f3352d3087a1ec8b7c28.jpg, 1, 0, 0, 1, 1, 0, 0
Image_42_jpg.rf.037841d1b12aff8f1fc33f1bd78ed52a.jpg, 1, 0, 1, 1, 1, 0, 0
Image_51_jpg.rf.047ffaff27d85b4853e47d0d1332114d.jpg, 1, 1, 0, 1, 0, 0, 0
Image_65_jpg.rf.009f3f375ef81cd7323a6e51ab048b92.jpg, 1, 0, 1, 1, 1, 0, 0
Image_33_png.rf.055168a5acfee48c2e51acd929ec58ba.jpg, 1, 0, 1, 1, 1, 0, 0
Image_72_jpg.rf.05b88602531e5c14eef433b9e65a52f7.jpg, 1, 0, 1, 1, 1, 1, 1
Image_85_jpg.rf.04682bf9c5786d671e87db75ecbdda55.jpg, 1, 0, 0, 1, 1, 0, 0
Image_6_jpg.rf.02c9e396040897a6e53f6755e7c6c2a9.jpg, 1, 1, 0, 1, 0, 0, 0
Image_16_png.rf.0652617618b527813ae283464498170b.jpg, 1, 0, 1, 1, 1, 0, 0
Image_16_png.rf.03777b5f734c0f69b7cc24f9f02fe888.jpg, 1, 0, 1, 1, 1, 0, 0
Image_62_png.rf.057ced351e6f4282ccf6cdb23252d257.jpg, 1, 0, 1, 1, 1, 0, 0
Image_29_jpg.rf.040de26b53319e54acce2567d93105b7.jpg, 1, 0, 0, 1, 1, 1, 1
Image_8_jpg.rf.0337781b6f6fb7c185fb5cb561d2f62c.jpg, 1, 0, 1, 1, 1, 0, 0
Image_44_jpg.rf.066003d6312444c16be94812a1e50f22.jpg, 1, 1, 0, 1, 1, 0, 0
Image_27_jpg.rf.066da232b56319d319c5c96a1613cf51.jpg, 1, 1, 1, 1, 1, 1, 1
Image_24_jpg.rf.06ab41aeddb1df13127d7be0d1eafcc0.jpg, 1, 1, 0, 1, 0, 0, 0
Image_2_jpg.rf.065302ff40617ba268b98e963c88d4c8.jpg, 1, 1, 1, 1, 1, 0, 0
Image_17_jpg.rf.07b4ef653ab705301eaca7d5c689fe3b.jpg, 1, 1, 0, 1, 0, 0, 0
Image_64_jpg.rf.0712e582558bfc1eca878ce3a6bbe488.jpg, 1, 1, 1, 1, 0, 0, 0
Image_84_jpg.rf.0833a9cf1b7ba4ec9edac6178b72aa38.jpg, 1, 0, 0, 1, 1, 0, 0
Image_32_jpg.rf.077b490fe0b08364c9ebf6b73c174cdb.jpg, 1, 0, 1, 1, 1, 0, 0
Image_27_png.rf.092e906a668761d9397e0b66fd8b5ded.jpg, 1, 1, 1, 1, 1, 0, 0
Image_10_jpg.rf.08358ad696de166bebddf7b6d608c80c.jpg, 1, 1, 1, 1, 0, 0, 0
Image_18_jpg.rf.0a3d62fe645af8dd69f084d777e44ccf.jpg, 1, 0, 1, 1, 1, 0, 0
Image_20_jpg.rf.0bf0d940180b2685c66b97b39c0a9417.jpg, 1, 1, 0, 1, 1, 0, 0
Image_54_png.rf.06ceb9eea17e3db92120011b6b56d233.jpg, 1, 0, 1, 1, 1, 0, 0
Image_71_JPG.rf.08878cc64916af85341cacf08d70d47d.jpg, 0, 0, 0, 0, 0, 0, 0
Image_84_jpg.rf.0a515bf9841faab340b725c60306d283.jpg, 1, 1, 0, 1, 1, 0, 0
Image_9_jpg.rf.0a45948e4c1724dbdb0b02aba1fcb829.jpg, 1, 0, 1, 1, 1, 0, 0
Image_75_jpg.rf.07c9a76f67b0569419a85c9e7352edfd.jpg, 1, 0, 0, 1, 1, 0, 0
Image_44_jpg.rf.06ee92206f1066b2b3f0475e46e278f9.jpg, 1, 0, 1, 1, 1, 0, 0
Image_13_png.rf.08d221effaeef2a3755e8fa0f18ba5ea.jpg, 1, 0, 0, 1, 1, 0, 0
Image_69_jpg.rf.0b0e9d0d8f84ab44b98420142f46b2b0.jpg, 1, 0, 1, 1, 1, 0, 0
Image_41_jpg.rf.0bbd9db4e3b1876b8c4f1c92105d9d37.jpg, 0, 1, 1, 1, 1, 0, 0
Image_73_jpg.rf.08fe348a1bf07e0b7765a443f14c76b1.jpg, 1, 1, 1, 1, 1, 0, 0
Image_12_jpg.rf.0c11b68a7ee74811ac36e1155d6ea9fd.jpg, 1, 0, 1, 1, 1, 0, 0
Image_29_jpg.rf.0d1f6da7c4b99dc70b269e572aaeca80.jpg, 1, 1, 1, 1, 1, 0, 0
Image_11_png.rf.0e227f8a343277344f7fdb0a520903e8.jpg, 1, 0, 1, 1, 1, 0, 0
Image_17_png.rf.0d25941926073e5457021c3ad3d95085.jpg, 1, 1, 0, 1, 0, 1, 1
Image_27_JPG.rf.0dcea6b2cf5f6f83096b614b6d0ffdf5.jpg, 1, 1, 1, 1, 1, 0, 0
Image_56_jpg.rf.0e281d301acc971b361e4168e5d7845e.jpg, 1, 0, 0, 1, 1, 0, 0
Image_6_jpg.rf.0ee40970482bcf6a8abe0722b58d5997.jpg, 0, 0, 0, 0, 0, 0, 0
Image_12_png.rf.0cb93ae8b79e65557ade85acf0c4c9e2.jpg, 1, 0, 1, 1, 1, 0, 0
Image_80_jpg.rf.0ff648575096d3047285d34b022f79ab.jpg, 1, 0, 1, 1, 1, 0, 0
Image_73_jpg.rf.10f847a4f5e8fffb1ed52490bdaac01b.jpg, 1, 0, 0, 1, 1, 0, 0
Image_24_jpg.rf.10de5bf372bc9d68952dd0ca27c60557.jpg, 1, 1, 0, 1, 0, 0, 0
Image_19_jpg.rf.1414f3c6667d83833e34922a0dafd55e.jpg, 1, 1, 1, 1, 0, 0, 0
Image_10_png.rf.0edba55adc25fbb2452215795e68b41d.jpg, 1, 1, 0, 1, 0, 0, 0
Image_52_jpg.rf.117ec692e99ba91a2a3264f2e68f8e59.jpg, 1, 0, 1, 1, 1, 0, 0
Image_46_jpg.rf.148748157e4eaf76943e8d0ed36232b2.jpg, 1, 0, 1, 1, 1, 0, 0
Image_9_jpg.rf.1429920a2a030a349b6bbb6976b16b03.jpg, 1, 0, 1, 1, 1, 0, 0
Image_14_jpg.rf.146f06246d4c9520193edf44cf96b81d.jpg, 1, 0, 1, 1, 1, 0, 0
Image_64_jpg.rf.146dc9212018969eb47e6abddb62e926.jpg, 1, 1, 0, 1, 0, 0, 0
Image_44_png.rf.0ef7a67e2030de94c20c9913251e5229.jpg, 1, 1, 0, 1, 1, 1, 1
Image_5_png.rf.0e3412fdea449b7669c58dacffda14de.jpg, 1, 0, 0, 1, 1, 0, 0
Image_65_jpg.rf.12568e37106565b3fa38c7c242503ed3.jpg, 1, 0, 1, 1, 1, 0, 0
Image_88_jpg.rf.1573bdbfaa32cc61fb24e810ccdd62c9.jpg, 1, 0, 1, 1, 1, 0, 0
Image_98_jpg.rf.141820802c1ab342657f83fcfb18e9f9.jpg, 1, 0, 0, 1, 1, 0, 0
Image_45_JPG.rf.0bfda7c58f8c6fd67167c23c51e49907.jpg, 1, 0, 1, 1, 0, 0, 0
Image_19_jpg.rf.1015c2966616e3bf03b05e90607e1bf7.jpg, 1, 1, 0, 1, 0, 0, 0
Image_57_jpg.rf.13a83e2b0398ae1f53203ad22386db3f.jpg, 1, 0, 1, 1, 1, 0, 0
Image_41_jpg.rf.14de1f0609604c3266e455c2284dbf92.jpg, 0, 1, 1, 1, 1, 0, 0
Image_22_jpg.rf.153bc54bc57b576970088256783f644c.jpg, 1, 0, 1, 1, 0, 0, 0
Image_22_jpg.rf.17e155e17abf2abf3530bcce18861ee2.jpg, 1, 0, 1, 1, 1, 0, 0
Image_73_jpg.rf.15828f44eb4e75fb422422ddeebdcfd1.jpg, 1, 1, 1, 1, 1, 0, 0
Image_11_png.rf.116c74c3a828e886ed1197435a30fda8.jpg, 1, 0, 1, 1, 1, 0, 0
Image_36_jpg.rf.15f75c5344e977e54932822040d9223c.jpg, 1, 1, 0, 1, 1, 0, 0
Image_11_jpg.rf.1658315087f9e169bdad5b7d8f861171.jpg, 1, 0, 0, 1, 1, 0, 0
Image_43_jpg.rf.1575ce8879e0647da570e94fc6098b0b.jpg, 1, 0, 1, 1, 1, 0, 0
Image_23_png.rf.16d1278f51c4c0948e5199488b6615f3.jpg, 1, 0, 0, 1, 0, 0, 0
Image_34_png.rf.1721a1a3cc91b5b4ccd6ead0602a212f.jpg, 1, 0, 0, 1, 1, 0, 0
Image_5_png.rf.1714e9adaea0ee2dc1b388e4356ccdd6.jpg, 1, 1, 0, 1, 1, 0, 0
Image_29_jpg.rf.1900a32e466274912fc252ed0ee87062.jpg, 1, 0, 0, 1, 1, 1, 1
Image_12_jpg.rf.1752ca59170335a827e44fd3dd1ba6a2.jpg, 1, 0, 1, 1, 1, 0, 0
Image_35_png.rf.151625a89610b288216f2b19c7aa1315.jpg, 1, 1, 0, 1, 0, 0, 0
Image_31_png.rf.1728a3ee4557169e50f97ebc17a73e0d.jpg, 1, 0, 0, 1, 1, 0, 0
Image_1_jpg.rf.18c681129d7a574f7915e6d36201368e.jpg, 1, 1, 0, 1, 1, 0, 0
Image_18_png.rf.15d4537853bdd8c1b19b4f24371754fb.jpg, 1, 1, 0, 1, 0, 0, 0
Image_57_jpg.rf.15e2fef22ff4f907faae0fffd39bf748.jpg, 1, 0, 1, 1, 1, 0, 0
Image_48_jpg.rf.18ade33d2ac277a28a2b116f59e79bfd.jpg, 1, 0, 0, 1, 1, 0, 0
Image_56_jpg.rf.1871565d5e23d14ae12567c15b38b7f0.jpg, 1, 1, 0, 1, 1, 0, 0
Image_14_jpg.rf.06df5447383a8d3422286c8d1388c693.jpg, 1, 0, 1, 1, 1, 0, 0
Image_20_jpg.rf.19f215d59ac213689908f33e8e23d979.jpg, 1, 0, 0, 1, 1, 0, 0
Image_88_jpg.rf.197e16de9080f830df6dd201ce1e18cd.jpg, 1, 0, 0, 1, 1, 0, 0
Image_2_jpg.rf.1ae3716c777f9ef55eec30dd6759e312.jpg, 1, 0, 1, 1, 1, 0, 0
Image_13_png.rf.1a749cbd42191db9e47deb2979991cb0.jpg, 1, 0, 1, 1, 1, 0, 0
Image_11_jpg.rf.19164bc45f668bbc6bbb61659612488d.jpg, 1, 0, 1, 1, 1, 0, 0
Image_91_jpg.rf.1acc250af9ffefa4a5ff20c2349d1358.jpg, 1, 1, 0, 1, 0, 0, 0
Image_21_png.rf.19627e4abe3c7f2c6542e9aff9eeb7c9.jpg, 1, 0, 0, 1, 0, 0, 0
Image_32_jpg.rf.1bbaa1266e0e731a6a8cd189abcbee0a.jpg, 0, 0, 0, 0, 0, 0, 0
Image_49_jpg.rf.1a9dcd98dfe614d0bf993bb23f65df90.jpg, 1, 0, 0, 1, 0, 0, 0
Image_92_png.rf.192769fbf569a83db62913968f7ffb4b.jpg, 1, 0, 1, 1, 1, 0, 0
Image_12_jpg.rf.1b6cb7f2b1fb46655d5613a758e2a010.jpg, 1, 1, 1, 1, 1, 1, 1
1657709009147_page-0001_jpg.rf.1b139031722d9f196967601392c96e46.jpg, 1, 1, 1, 1, 1, 0, 0
Image_63_jpg.rf.1b9ef8b89b5c48a566da69a1dcd7af16.jpg, 1, 1, 0, 1, 0, 0, 0
Image_8_jpg.rf.8fa69f54c3bef0c9a1fb98f08f00c317.jpg, 1, 0, 0, 1, 1, 0, 0
Image_18_jpg.rf.8fe92212a2cd3e2156446368bb3d17e6.jpg, 1, 0, 1, 1, 1, 0, 0
Image_26_jpg.rf.906314192e0e483127f25b94b1ee2d65.jpg, 1, 1, 0, 1, 0, 0, 0
Image_18_jpg.rf.90b3bb99d5522a0fe445dae1f13a8fbb.jpg, 1, 0, 1, 1, 1, 0, 0
Image_35_jpg.rf.9133b1885f51e10ff4de36fb8efcf77a.jpg, 1, 0, 1, 1, 1, 0, 0
Image_52_png.rf.919187de9e0d87b0e8f0fa8a83842278.jpg, 1, 1, 0, 1, 1, 0, 0
Image_55_png.rf.92aeb8b5e81b8e988cab0082245d4133.jpg, 1, 0, 0, 1, 1, 0, 0
Image_16_jpg.rf.93227247e7a29640161df989679b0192.jpg, 1, 1, 0, 1, 1, 1, 0
Image_12_jpg.rf.934864725682f896cd7f546cf8ecf823.jpg, 1, 0, 1, 1, 1, 0, 0
Image_21_jpg.rf.93e4554a68f076aac7263aa4f50cab13.jpg, 1, 0, 1, 1, 1, 0, 0
Image_31_png.rf.93258071a457a9582e60b20ded239705.jpg, 1, 0, 0, 1, 1, 0, 0
Image_28_jpg.rf.937fafa12dbe2f7531b6f623f3635695.jpg, 1, 1, 1, 1, 1, 1, 0
Image_16_png.rf.93853212068020ce1c18e5e8dfdb65cd.jpg, 1, 0, 1, 1, 1, 0, 0
Image_9_png.rf.93cdaa9359b7ff161296e4e3b6c206b0.jpg, 1, 1, 1, 1, 1, 0, 0
Image_24_png.rf.95147c1ad9fc88dcbcde988927589567.jpg, 1, 1, 0, 1, 0, 0, 0
Image_1_jpg.rf.93e7dc487430ed2a4674014f8ce08d07.jpg, 1, 1, 1, 1, 1, 0, 0
Image_76_jpg.rf.94f7a9280116537bcd2bfa7b7bcbac0b.jpg, 1, 0, 1, 1, 1, 0, 0
Image_4_jpg.rf.948071ebb725a9812a5ea345d7d16b4c.jpg, 0, 0, 1, 1, 1, 1, 1
Image_50_jpg.rf.94f445862989a8ce210e422d76718822.jpg, 1, 1, 1, 1, 1, 0, 0
Image_20_png.rf.94c29b871fd1b14ff5e6a8ab3252ad26.jpg, 1, 0, 0, 1, 1, 0, 0
Image_19_jpg.rf.95a39389f359203daacee14c2b42ad40.jpg, 1, 1, 0, 1, 0, 0, 0
Image_22_jpg.rf.969d53bd308726596f9a76795fdf0dfa.jpg, 1, 0, 1, 1, 1, 0, 0
Image_37_jpg.rf.9544b0568df0c31d4876f45b5570c127.jpg, 1, 1, 1, 1, 0, 0, 0
Image_21_jpg.rf.95c82298bb926869049936dcd7da3795.jpg, 1, 0, 1, 1, 1, 0, 0
Image_51_jpg.rf.95bed5c338aaf76f85e3f5139062a916.jpg, 0, 0, 1, 1, 1, 0, 0
Image_6_jpg.rf.98ef188f162a11b2f035ea73d474399a.jpg, 0, 0, 0, 1, 0, 1, 1
Image_30_jpg.rf.9711929b61d9ab395613062575b7d59d.jpg, 1, 0, 1, 1, 1, 1, 1
Image_20_png.rf.96ab8d80eb131905cfae492a32b3e21c.jpg, 1, 0, 0, 1, 1, 0, 0
Image_23_png.rf.980ab4d8c02ef0e47c6735c469e89a3f.jpg, 1, 0, 0, 1, 0, 0, 0
Image_49_png.rf.985579333a9e0b5e0320f13280bd4efa.jpg, 1, 0, 0, 1, 1, 0, 0
Image_86_jpg.rf.991420e94e5b408c182370dce1b10187.jpg, 1, 1, 1, 1, 0, 0, 0
Image_7_jpg.rf.993af0aceb3d4f70e6cf7821e371f6c2.jpg, 1, 0, 0, 1, 1, 0, 0
Image_10_jpg.rf.9779ed6ba261e34cad0e24bd7feba5c0.jpg, 1, 1, 0, 1, 1, 0, 0
Image_96_png.rf.9a2ceb49f398002f9f017ebb2f63d9c6.jpg, 1, 1, 0, 1, 1, 0, 0
Image_48_jpg.rf.98008ad9d0b859d8099126906177c872.jpg, 1, 0, 0, 1, 1, 0, 0
Image_1_jpg.rf.996a733a9f181cfe7ba6fadca55ac1ea.jpg, 1, 0, 1, 1, 1, 0, 0
Image_9_png.rf.99980fd53a637f48b7d7539a49582d7d.jpg, 1, 1, 1, 1, 1, 0, 0
Image_6_png.rf.99eba9b3ac6e4b032357a8dc5b0268c9.jpg, 1, 1, 1, 1, 0, 0, 0
Image_18_jpg.rf.9b2939cddf9eeda7e8034482461814da.jpg, 1, 1, 0, 1, 1, 1, 1
Image_61_jpg.rf.99a38d280dcb66ba8a6763cbb2e902fa.jpg, 0, 0, 0, 0, 0, 0, 0
Image_19_jpg.rf.99e3bb26e24e5317660c822735827970.jpg, 1, 0, 1, 1, 0, 0, 0
Image_27_jpg.rf.9a2f196a17210f77023d8697dc0edb9e.jpg, 1, 1, 0, 1, 1, 0, 0
Image_19_jpg.rf.9bb6681ee902279c486adafdb086cec3.jpg, 1, 1, 0, 1, 0, 0, 0
Image_45_JPG.rf.9b6f1c45acd1ace5d66399d099e7d6b0.jpg, 1, 0, 1, 1, 0, 0, 0
Image_44_jpg.rf.9a1e891e157ccf2ae1957f201a488c59.jpg, 1, 1, 1, 1, 1, 1, 0
Image_36_png.rf.9c557c6f74190422356f4de069ab504a.jpg, 1, 0, 1, 1, 1, 0, 0
Image_1_jpg.rf.9bed9caa57d741a52a137c68037bd681.jpg, 0, 0, 1, 1, 1, 0, 0
Image_1_jpg.rf.9c75f290bb3b2ed417b5e7c1e7cff0ed.jpg, 1, 1, 1, 1, 1, 0, 0
Image_13_jpg.rf.9c1f6a380a70f9ef80119a215f150a8f.jpg, 1, 0, 1, 1, 1, 0, 0
Image_95_jpg.rf.9d2d7b0b0d198c88822a6fa460781a7f.jpg, 1, 0, 1, 1, 1, 0, 0
Image_86_jpg.rf.9c9b34cddc681d6c5914e468fd578b23.jpg, 1, 1, 1, 1, 0, 0, 0
Image_12_jpg.rf.9e53ef8123a94c63c15e3d42030c2b01.jpg, 1, 1, 1, 1, 1, 1, 1
Image_38_jpg.rf.9e2d7e890efc0581df4fc0de97850446.jpg, 1, 0, 1, 1, 1, 0, 0
Image_17_png.rf.9ee019d1e25a903b5fdafd35783cd290.jpg, 1, 0, 1, 1, 1, 0, 0
Image_7_jpg.rf.9f5e3ddd155ad16eebca320145f10c5c.jpg, 1, 0, 1, 1, 1, 0, 0
Image_8_png.rf.9dcafeb30898b156902d0e825aafa2e1.jpg, 1, 1, 0, 1, 0, 0, 0
Image_18_jpg.rf.9f759d8f226243d36068cf2118761707.jpg, 1, 0, 1, 1, 1, 0, 0
Image_8_jpg.rf.a0fb0d145a20bd5d01a5fdc932f59d00.jpg, 1, 0, 1, 1, 1, 1, 1
Image_71_jpg.rf.9d7715df43ae6692eed6320220871fc7.jpg, 1, 0, 1, 1, 1, 0, 0
Image_17_jpg.rf.9fda9d11d0095bc71574ab70c1ef0dff.jpg, 1, 1, 0, 1, 0, 0, 0
Image_21_jpg.rf.a0b63f201f93a1fd4b78dac1d16d6706.jpg, 1, 1, 1, 1, 0, 0, 0
Image_83_jpg.rf.9f37ac9950ac23d574961e9604d94bc5.jpg, 1, 0, 0, 1, 1, 0, 0
Image_51_jpg.rf.a06dc873f9d0c48454f74143af26cba2.jpg, 1, 1, 0, 1, 0, 0, 0
Image_14_jpg.rf.a00e418eb83546d97fe6bde939852b80.jpg, 1, 0, 1, 1, 1, 0, 0
Image_50_jpg.rf.a14fa56c9d0e8ee2c21a5b4a86171b3f.jpg, 1, 1, 1, 1, 1, 0, 0
Image_5_png.rf.9d15f10cb101a63663632d22294a633d.jpg, 1, 0, 0, 1, 1, 0, 0
Image_15_jpg.rf.a1764db20ee61529bd5be180526efaee.jpg, 1, 0, 1, 1, 1, 1, 1
Image_30_jpg.rf.9ede805f1f1522217346431f3e7e6076.jpg, 1, 0, 1, 1, 1, 1, 1
Image_3_jpg.rf.a178fc05d581228a07ed95900e79b5df.jpg, 1, 1, 0, 1, 1, 0, 0
Image_8_jpg.rf.a1802ff4e1a160a8bca80afd29e7fc72.jpg, 1, 0, 1, 1, 1, 0, 0
Image_7_jpg.rf.9bc2957109e8a28d21ad96d1b95db598.jpg, 1, 1, 0, 1, 0, 0, 0
Image_72_jpg.rf.a31a7a33307f983771d607cb302927ad.jpg, 1, 0, 1, 1, 1, 1, 1
Image_41_png.rf.a30510f670d072057e56a935518ae403.jpg, 1, 1, 0, 1, 1, 0, 0
Image_73_jpg.rf.9fea52ecf8de485d9f49d545036b4540.jpg, 1, 1, 1, 1, 1, 0, 0
Image_66_jpg.rf.a2c6a3d0da3ff2de5fdb0d7cde44c819.jpg, 1, 0, 1, 1, 1, 0, 0
cvHajerJaffeli_page-0001_jpg.rf.a4413e56ee8d549f364801ef1b12e5b1.jpg, 1, 0, 1, 1, 1, 0, 0
Image_9_jpg.rf.a4daab12f2672ba3aebb9eb2564665a3.jpg, 1, 1, 0, 1, 1, 1, 0
Image_52_png.rf.a3cd09f4e7d4e0b19ef64a27d52982b5.jpg, 1, 1, 0, 1, 1, 0, 0
Image_29_jpg.rf.a294f45fe2d021fa65992d145999798e.jpg, 1, 1, 1, 1, 1, 0, 0
Image_49_jpg.rf.a5555be62db3c07ffaded7e0e31d6860.jpg, 1, 1, 0, 1, 1, 0, 0
Image_29_png.rf.a4042c315265b9023ebff1b85818e6a9.jpg, 1, 1, 1, 1, 1, 0, 0
Image_15_jpg.rf.a6d9711b7b016fb5a25b151cb8229a21.jpg, 1, 0, 0, 1, 1, 0, 0
Image_3_jpg.rf.a477fcc617a72c1b8b8331a30af8151f.jpg, 1, 1, 0, 1, 1, 0, 0
Image_27_JPG.rf.a40dd96214dfd546fb502696a74af42b.jpg, 1, 1, 1, 1, 1, 0, 0
Image_2_jpg.rf.a0a77e6e0bdf7564d3aeae269b63f166.jpg, 1, 0, 1, 1, 1, 0, 0
Image_2_png.rf.a598730236f3ac494bd7ca6458e2541c.jpg, 1, 0, 1, 1, 0, 0, 0
Image_6_jpg.rf.a37828271483bbdfcee4f86fc40503a3.jpg, 1, 1, 0, 1, 1, 0, 0
Image_91_jpg.rf.a57084a0c0edf12ce26583dc43a04aac.jpg, 1, 1, 0, 1, 0, 0, 0
Image_92_jpg.rf.a587d75c2b923a95bf1e128e34403c75.jpg, 1, 1, 1, 1, 0, 0, 0
Image_93_png.rf.a7047fed674a7246f57360449970f8f6.jpg, 1, 0, 0, 1, 1, 0, 0
Image_31_jpg.rf.a27689e23f4cbcf4961645456fbbd699.jpg, 1, 0, 1, 1, 1, 0, 0
Image_2_jpg.rf.a2ff465318df45aa07399d716a7fb643.jpg, 1, 1, 1, 1, 1, 0, 0
Image_3_jpg.rf.a826165e97c42596e6cd7c578251fe3f.jpg, 1, 1, 0, 1, 1, 0, 0
Image_83_jpg.rf.a768356a0d98bf74ac1bdb07dc9325a3.jpg, 1, 1, 1, 1, 1, 0, 0
Image_4_png.rf.a5a06a85d8b1541da90bb8ea1b63a70c.jpg, 1, 1, 0, 1, 0, 0, 0
Image_70_jpg.rf.a86837a7ab1288dd359770d82f5f865e.jpg, 1, 0, 1, 1, 1, 1, 1
Image_35_jpg.rf.a8344f94cd19e289a7cae54970f62046.jpg, 1, 0, 1, 1, 1, 0, 0
Image_21_jpg.rf.a8641ef01fa4b488ad0acdbd9a461a86.jpg, 1, 0, 1, 1, 1, 1, 1
Image_10_jpg.rf.a7e967961e61775e9edfd1be3a3ecb48.jpg, 1, 0, 1, 1, 1, 0, 0
Image_12_jpg.rf.a76ebda9189bc13eb2b1162746cc669f.jpg, 1, 0, 1, 1, 1, 0, 0
Image_31_jpg.rf.a8f75bbc3e8f97e133be3fa0f7032ca5.jpg, 1, 0, 1, 1, 1, 0, 0
Image_69_jpg.rf.a9eb24c8cb390528dfef96c659b79639.jpg, 1, 1, 1, 1, 1, 0, 0
Image_21_png.rf.a86312b59c6ae66bf57394a4e9de330e.jpg, 1, 0, 0, 1, 0, 0, 0
Image_63_jpg.rf.a8f3da4640476c1f0fbe2521fdd4f305.jpg, 1, 0, 1, 1, 1, 0, 0
Image_96_png.rf.a892c469f5e87c146f3287fb927bff1a.jpg, 1, 1, 0, 1, 1, 0, 0
Image_36_png.rf.ab2aa9cbb4940e8abc771fd4fc6b98d9.jpg, 1, 1, 1, 1, 1, 0, 0
Image_13_jpg.rf.a9f81877260a2ac036f22f11c2bdc206.jpg, 1, 1, 1, 1, 1, 0, 0
Image_15_jpg.rf.a9423975244616f761b12fd98ed6ee70.jpg, 1, 0, 1, 1, 1, 1, 1
Image_25_png.rf.ac293e4c6817a1b6443383e6a16795b6.jpg, 1, 0, 0, 1, 1, 0, 0
Image_40_jpg.rf.ab2d5bb6bb1d2d2b42557353c9317438.jpg, 1, 0, 1, 1, 1, 0, 0
Image_32_jpg.rf.aa5b0652620765a6a8a823102a262bbc.jpg, 1, 1, 0, 1, 0, 0, 0
Image_44_jpg.rf.a93359da868686b4923a9d45840cd314.jpg, 1, 1, 0, 1, 0, 0, 0
Image_56_jpg.rf.ab3bfdbc618862d0a50c86bf90be146c.jpg, 1, 1, 0, 1, 1, 0, 0
Image_7_jpg.rf.aa79016b564ff0b279ea6253aee94dd6.jpg, 1, 0, 0, 1, 0, 0, 0
Image_7_jpg.rf.a6a84198d5b93f543000fbbf13da44fc.jpg, 1, 0, 0, 1, 0, 0, 0
Image_42_jpg.rf.ac2a74094bdf92e57882f4449684dff1.jpg, 1, 1, 1, 1, 1, 0, 0
Image_47_jpg.rf.ab5b7b3e148f0d8add58350f75ec5bd0.jpg, 1, 1, 0, 1, 0, 0, 0
Image_48_jpg.rf.ab8c92c3a811e016026ee823f45a9c18.jpg, 1, 0, 0, 1, 1, 0, 0
Image_41_png.rf.adfeae7b9aefd9a585d9fc05d5ca0ec6.jpg, 1, 1, 0, 1, 1, 0, 0
Image_6_jpg.rf.ad656ad007446333f47d5441b4a92b05.jpg, 0, 0, 0, 1, 0, 1, 1
Image_17_png.rf.ac0d39d50150690ff17269104bb5e8c3.jpg, 1, 1, 0, 1, 0, 1, 1
Image_21_jpg.rf.ad17c0f5505e446a5ae82cfb85dfc46c.jpg, 1, 0, 1, 1, 1, 0, 0
Image_70_png.rf.ad455a40a7afa556be477e63a63e7d31.jpg, 1, 0, 0, 1, 0, 0, 0
Image_5_png.rf.aa6ed2106fbf33a567e4986d9ae412dc.jpg, 1, 0, 0, 1, 1, 0, 0
Image_47_jpg.rf.ad7180892739eeff85401b686eec4e9f.jpg, 1, 1, 0, 1, 0, 0, 0
Image_18_jpg.rf.ac7e7272200cf86a009fdeb0728f100f.jpg, 1, 1, 0, 1, 0, 0, 0
Image_32_JPG.rf.ae09aeb9f50e96aed07c9cc3268e3363.jpg, 1, 1, 1, 1, 0, 0, 0
Image_10_jpg.rf.aa0e1c945610cfe5da7ce57d972993a0.jpg, 1, 1, 1, 1, 0, 0, 0
Image_27_jpg.rf.af382d3785d8afea90cbc7f50a9d43d6.jpg, 1, 0, 1, 1, 1, 0, 0
Image_65_jpg.rf.ae7b94aea6e4e2bd1648f732a44ada4b.jpg, 1, 0, 1, 1, 1, 0, 0
Image_41_jpg.rf.b0f982bc463eca42619116732e78db31.jpg, 0, 1, 1, 1, 1, 0, 0
Image_13_jpg.rf.b105193293df196c728eef2fb455cc52.jpg, 1, 0, 1, 1, 1, 0, 0
Image_49_jpg.rf.b0a9061387807684dac7b4970a2848d3.jpg, 1, 0, 0, 1, 1, 0, 0
Image_27_png.rf.b10555f2d779e68433b630864287a40d.jpg, 1, 1, 1, 1, 1, 0, 0
Bettayeb_Hajer_CV-350-_page-0001_jpg.rf.af6ad372c72c6ed1cf53571007ac3ad6.jpg, 1, 1, 1, 1, 1, 0, 0
Image_2_jpg.rf.b2b57bd449912c5e156ee8a3018f68dd.jpg, 1, 0, 1, 1, 1, 0, 0
Image_8_jpg.rf.b30e8e51ff3805f454581ccb0be92fb5.jpg, 1, 1, 0, 1, 0, 0, 0
Image_8_jpg.rf.af9ba9b909999fcdb1a2ca64e5e4e686.jpg, 1, 1, 0, 1, 0, 0, 0
Image_100_jpeg.rf.ae0608871f0b31160e861192a458c7e5.jpg, 1, 1, 0, 1, 0, 0, 0
Image_21_jpg.rf.af46c37263facdd5453632e5aa4083e0.jpg, 1, 0, 1, 1, 1, 0, 0
Image_40_jpg.rf.b3f1b1217bc3118a5de14a0cca4ae18a.jpg, 1, 0, 1, 1, 1, 0, 0
Image_68_jpg.rf.b445e7f494c1a8468743639e737d3a4c.jpg, 1, 1, 1, 1, 1, 0, 0
Image_25_jpg.rf.b45f65430808d5c5c6a9cfd97e5065e6.jpg, 1, 1, 1, 1, 1, 0, 0
Image_12_jpg.rf.b1deebea64a5420adb5328a9b5aa847b.jpg, 1, 1, 1, 1, 1, 1, 1
Image_31_jpg.rf.b3539dd930cce509c310ca0582a0e845.jpg, 1, 0, 1, 1, 1, 0, 0
Image_12_jpg.rf.b3aa5d92483480959db1550e7e945497.jpg, 1, 1, 1, 1, 1, 0, 0
Image_12_jpg.rf.b31ac24e325819cbc2a9d884d575fb42.jpg, 1, 1, 1, 1, 1, 1, 1
Image_3_jpg.rf.b46618d7c0065d7f954800260e0f0897.jpg, 1, 1, 1, 1, 1, 0, 0
Image_51_png.rf.b0a859b435ee00c79b853ffaa3c959b1.jpg, 1, 1, 0, 1, 0, 0, 0
Image_20_jpg.rf.b20eb66e4dede2641eed4af17c628001.jpg, 1, 1, 0, 1, 1, 0, 0
Image_6_jpg.rf.b4b2e4e65674ff8e9fdd2bd20ba4ef84.jpg, 1, 1, 0, 1, 1, 0, 0
Image_2_jpg.rf.b19097200c4c0fd089664eeccfbf68e6.jpg, 1, 1, 1, 1, 0, 0, 0
Image_35_jpg.rf.b4c744603978e00a026a9b6b937629f6.jpg, 1, 0, 1, 1, 1, 0, 0
Image_65_jpg.rf.b40b416f38ec90c04389281cd28e3c29.jpg, 1, 0, 1, 1, 1, 0, 0
Image_32_jpg.rf.b1629fa3c37d095f121c1987c89cb9d2.jpg, 1, 0, 1, 1, 1, 0, 0
Image_15_png.rf.aff5e7da4d71b2f847b63902da27d5bf.jpg, 1, 0, 1, 1, 1, 0, 0
Image_9_jpg.rf.b53fa1c6cda832a6d267e3847fa4f4b7.jpg, 1, 0, 1, 1, 1, 0, 0
Image_2_jpg.rf.b58b1ae6768c980ac069c4355b7af1f4.jpg, 1, 0, 1, 1, 1, 0, 0
Image_13_png.rf.b5bbaace1837baac3fe5da76877c57b2.jpg, 1, 0, 1, 1, 1, 0, 0
Image_53_jpg.rf.b5f29a84160523590a94b4f2361c966d.jpg, 1, 1, 0, 1, 0, 0, 0
Image_73_jpg.rf.b5e9491a4696e46975345a601b7355ba.jpg, 1, 0, 1, 1, 1, 0, 0
Image_6_png.rf.b5fb3dde4f825f97c4a14a6705eb06ae.jpg, 1, 0, 0, 1, 1, 0, 0
Image_44_png.rf.b710e86d199a1de103284cccdf27e6d7.jpg, 1, 1, 0, 1, 1, 0, 0
Image_62_png.rf.b6e9a0cfc57b6c4d7f5a065e6075d73a.jpg, 1, 0, 1, 1, 1, 0, 0
Image_71_jpg.rf.b564198792eda63f39f70868d2a047c0.jpg, 1, 0, 1, 1, 1, 0, 0
Image_47_jpg.rf.b6cab59f122d6f85a0f252ee0ae7aed0.jpg, 1, 1, 0, 1, 0, 0, 0
Image_17_jpg.rf.b73dd1fe245e4cad031a1cb81989295e.jpg, 1, 0, 1, 1, 1, 0, 0
Image_67_jpg.rf.b746678d33afca4fe38fb8678c426760.jpg, 1, 0, 0, 1, 0, 0, 0
Image_49_png.rf.b664a9adfcb61389358b2e2a8426bc8a.jpg, 1, 1, 1, 1, 0, 0, 0
Image_17_png.rf.b7291e7f6a6b9efb10b5aa665317ded1.jpg, 1, 0, 1, 1, 1, 0, 0
Image_54_jpg.rf.b50fc73be4e29659904cf53930d672b8.jpg, 1, 0, 1, 1, 1, 0, 0
Image_18_jpg.rf.b6f410694cd89fd2880d02fd68d80a76.jpg, 1, 0, 1, 1, 1, 0, 0
Image_98_jpg.rf.b775cdb94493be1d843b83f12b5fd2ea.jpg, 1, 0, 0, 1, 1, 0, 0
Image_9_jpg.rf.b8a97cbbb73ebdcc22b97d879b196dd5.jpg, 1, 0, 1, 1, 1, 0, 0
Image_21_jpg.rf.b7d64774e4374ce8549a80876691ced3.jpg, 1, 0, 1, 1, 1, 0, 0
Image_19_jpg.rf.b81218dbaf9bb38374adebbeb62fb5c4.jpg, 1, 1, 1, 1, 1, 0, 0
Image_17_jpg.rf.b8fb2d518cadd15e1744edc4fb514193.jpg, 1, 1, 1, 1, 0, 0, 0
Capture55_PNG.rf.b8ae767216d74dedbc20fb09df1509a9.jpg, 1, 1, 0, 1, 1, 0, 0
Image_24_jpg.rf.ba358cc95e2ae018675ad6c7e98b3c82.jpg, 1, 0, 0, 1, 1, 0, 0
Image_34_png.rf.b95b13f5d4016ee15258ee8984cf22ed.jpg, 1, 1, 1, 1, 1, 0, 0
Image_22_jpg.rf.bd9e9758777ad89f64d056aee888483d.jpg, 1, 0, 1, 1, 1, 0, 0
Image_6_jpg.rf.bceee7f3f877f6cba7aec11158c4b326.jpg, 1, 1, 0, 1, 1, 0, 0
Image_1_jpg.rf.be19c5ef6ae9b8237eceba01fada767d.jpg, 1, 1, 1, 1, 1, 1, 1
1657709009147_page-0001_jpg.rf.be4a5ee00577e5f2029fdbd88fad66c6.jpg, 1, 1, 1, 1, 1, 0, 0
Image_10_jpg.rf.bbcff018e0748d14d6dbff81883b21da.jpg, 1, 1, 1, 1, 0, 0, 0
Image_22_jpg.rf.bef000a23aec1aa806b8c09697ea8db9.jpg, 1, 0, 0, 1, 1, 0, 0
Image_43_jpg.rf.b8891261891d7c45014fc905520a07d5.jpg, 1, 0, 0, 1, 1, 0, 0
Image_89_jpg.rf.bf055b46d4258a03587f0ae7f22950ca.jpg, 1, 1, 0, 1, 0, 0, 0
Image_7_jpg.rf.b806a8a9d28fdd92e266a99a5496962f.jpg, 1, 1, 0, 1, 1, 0, 0
Image_42_jpg.rf.c148ea49c01e096795f334a3fd676bed.jpg, 1, 1, 1, 1, 1, 0, 0
Image_57_jpg.rf.c06af9c94a9e4c87d00772eace7163a9.jpg, 1, 0, 1, 1, 1, 0, 0
Image_83_jpg.rf.baa29229318fb0ad5525922317c10176.jpg, 1, 1, 1, 1, 1, 0, 0
Image_1_jpg.rf.c181c5869b75c66d36b18bd79c97b98f.jpg, 1, 1, 1, 1, 1, 0, 0
Image_62_png.rf.bb6646baebe5e319c91e5045e35ae0bf.jpg, 1, 0, 1, 1, 1, 0, 0
Image_9_png.rf.b960f15fec68b392f985165ec2d0b4cc.jpg, 1, 1, 1, 1, 1, 0, 0
Image_2_jpg.rf.bd485e26aae60acc1c58dcbae10d7c87.jpg, 1, 1, 0, 1, 1, 1, 0
Image_70_jpg.rf.b8e9ea6472d123d7103b3df886e9b5f0.jpg, 1, 1, 1, 1, 1, 0, 0
Image_6_jpg.rf.c2f9f44629360a4353d338b996146d52.jpg, 1, 1, 0, 1, 0, 0, 0
Image_73_jpg.rf.c27956dde67ae8d4de1fcb2802bcf206.jpg, 1, 0, 1, 1, 1, 0, 0
Image_44_jpg.rf.c2dca5ef735ca5be057e4f1697429bc8.jpg, 1, 1, 0, 1, 1, 0, 0
Image_36_png.rf.c243290e69f431c0efd0c319eef44091.jpg, 1, 1, 1, 1, 1, 0, 0
Image_59_jpg.rf.c330be5d5fcf4865e5a8ec03bfe5568a.jpg, 1, 0, 1, 1, 1, 0, 0
Image_21_jpg.rf.c3bc7dc36a80d3863782e011781901c5.jpg, 1, 0, 1, 1, 1, 1, 1
Image_28_jpg.rf.b844020e86c7c76f6eb31fb47393959b.jpg, 1, 0, 0, 1, 1, 0, 0
Image_51_jpg.rf.ba41a668220bf41bfc30f675aa6c1f1c.jpg, 1, 1, 0, 1, 0, 0, 0
Image_44_jpg.rf.c237edef488beae7fb6e9a88f185aeb9.jpg, 1, 1, 1, 1, 1, 1, 0
Image_11_png.rf.c4681bcb73d02759f245cc8a07828260.jpg, 1, 1, 1, 1, 1, 1, 0
Image_42_jpg.rf.c5cf5eb155280f7b6bfaaca3d2213b5a.jpg, 1, 1, 0, 1, 0, 0, 0
Image_68_jpg.rf.c4efdf021301e00b76674e8faee03ba7.jpg, 1, 1, 1, 1, 1, 0, 0
Image_20_jpg.rf.c46bff079eb9afbe43cf53d49674c41e.jpg, 1, 1, 0, 1, 1, 0, 0
Image_48_png.rf.c5eb2f4c7805a9cb9bd3e5a4e0d28168.jpg, 1, 1, 1, 1, 1, 0, 0
Image_49_jpg.rf.c80382f055a7757acbe287d66a5c3113.jpg, 1, 1, 0, 1, 1, 0, 0
Image_20_png.rf.c72d2cb12b47d0e57cd5e2b9b03f69ec.jpg, 1, 0, 0, 1, 1, 0, 0
Image_34_jpg.rf.c7ee5b87dd75eca791b37b30c19911ad.jpg, 1, 0, 0, 1, 1, 0, 0
Image_49_jpg.rf.c3c1c235b828b73d06d468eb98e30ef2.jpg, 1, 0, 0, 1, 1, 0, 0
Image_34_png.rf.c8d5f5371f56a81cabbd8ff07767e4df.jpg, 1, 0, 0, 1, 1, 0, 0
Image_32_jpg.rf.c90ef122020c310bb3c0104221f7b2e3.jpg, 1, 0, 1, 1, 1, 0, 0
Image_19_jpg.rf.c4210aa5f98e26e3131c658bfb89441f.jpg, 1, 0, 1, 1, 0, 0, 0
Image_59_jpg.rf.c80d86e5f704dd26c55315cc750c7752.jpg, 1, 1, 0, 1, 0, 0, 0
Image_17_jpg.rf.c925e68db8758c22b3baedcc96ef00ca.jpg, 1, 1, 1, 1, 0, 0, 0
Image_4_jpg.rf.c99d42dc0c5646a018fb061df9a8b5ac.jpg, 1, 0, 0, 1, 1, 1, 0
Image_4_jpg.rf.c8647044da5c3a7d47f9c5be7ff792db.jpg, 1, 0, 0, 1, 1, 1, 0
Image_13_jpg.rf.c53ec8d18fb713fc1043e5e8c312a221.jpg, 1, 1, 1, 1, 1, 0, 0
Image_18_jpg.rf.c8e90e5d308e1fcf4295979e7a77ed5c.jpg, 1, 1, 0, 1, 1, 1, 1
Image_32_jpg.rf.c84e7e7dda23589944bc0b54377f094e.jpg, 1, 0, 1, 1, 1, 0, 0
Image_20_jpg.rf.c85a6306d2ca9c24ef2de92bd909cb4b.jpg, 1, 0, 0, 1, 1, 0, 0
Image_20_jpg.rf.c7ca3d5f9b5ad0682cad28e7fb9bcbcc.jpg, 1, 0, 0, 1, 1, 0, 0
Image_61_jpg.rf.c5ba0eadd10045a312b3150942dee4dd.jpg, 1, 1, 1, 1, 1, 0, 0
Captuuure_PNG.rf.c8d79cbe1df7c7c987b45c60cd847e71.jpg, 1, 1, 0, 1, 0, 0, 0
Image_63_jpg.rf.c873a87ab113884d071fd343dd378eb9.jpg, 1, 0, 1, 1, 1, 0, 0
Image_3_jpg.rf.cca412b8bc6027d8d891245e3ad76904.jpg, 0, 0, 0, 0, 0, 0, 0
Image_64_jpg.rf.ca6c1923ae57cdb7197af951747d4c57.jpg, 1, 1, 1, 1, 0, 0, 0
Image_57_jpg.rf.ca9de7d56678365ceacf7b50f359ed97.jpg, 1, 0, 0, 1, 1, 0, 0
Image_43_png.rf.cac3df56c67f69fdebdc19f861f1a802.jpg, 1, 0, 0, 1, 1, 0, 0
Image_77_png.rf.cb2d32d4c47b9cd4bc25e3775df32d20.jpg, 1, 0, 1, 1, 1, 0, 0
Capture55_PNG.rf.cbc0c4ad90f2033f2766b9ce48e9ce35.jpg, 1, 1, 0, 1, 1, 0, 0
Image_54_png.rf.cd469705b9b416af114ad9211998205b.jpg, 1, 0, 1, 1, 1, 0, 0
Image_38_jpg.rf.cb66d0bd22db63b443c5a6c1801ab3a6.jpg, 1, 1, 1, 1, 1, 0, 0
Image_56_jpg.rf.ca9bc25ab7298995859c4f5e855a41ce.jpg, 1, 1, 0, 1, 1, 0, 0
Image_9_jpg.rf.cd6785bc32dbc9dca0faf0b8a41bae28.jpg, 1, 0, 1, 1, 1, 0, 0
Capturrrrre_PNG.rf.caba9451cc3d29791f2f57bc2eded09d.jpg, 1, 1, 1, 1, 0, 0, 0
Image_6_jpg.rf.cc0a3224483846c7e1349cee0a74691f.jpg, 1, 1, 1, 1, 0, 0, 0
Image_51_jpg.rf.cc077a2295ca5e4dd4129261af43a06e.jpg, 1, 1, 1, 1, 1, 1, 1
Image_68_jpg.rf.cdf43bbbb9a295d2faf2dc6f972ff94c.jpg, 1, 1, 1, 1, 1, 0, 0
Image_19_jpg.rf.cdb0fa7971b3e8c8dab5e588eed4c732.jpg, 1, 1, 0, 1, 1, 0, 0
Image_1_jpg.rf.cd102eba98a107934f46755f885731d0.jpg, 1, 0, 0, 1, 1, 0, 0
Image_1_jpg.rf.cd5f1543bcb5caa64dabf0410b4c1250.jpg, 1, 0, 1, 1, 1, 0, 0
Image_34_jpg.rf.cd6b5e43adb0d6259fcb8d3fe34cf939.jpg, 1, 0, 0, 1, 1, 0, 0
Image_26_jpg.rf.c64cd60e9d18b68c3a8d503c36436351.jpg, 1, 0, 1, 1, 1, 0, 0
Image_35_png.rf.c9fee94410627917501fc520ee32404b.jpg, 1, 0, 0, 1, 1, 0, 0
Image_13_jpg.rf.1c44353b5237d336559c6ccf6ae72582.jpg, 1, 0, 1, 1, 1, 0, 0
Image_15_jpg.rf.1c6e307959dc2ef42e44fe18fac25e77.jpg, 1, 0, 1, 1, 1, 1, 0
Image_49_jpg.rf.1ca504e244bd1298d7818b54ce3f5f5e.jpg, 1, 0, 1, 1, 1, 0, 0
Image_28_jpg.rf.1ca6e565da59ecee099706e7d6236cd7.jpg, 1, 0, 0, 1, 1, 0, 0
Image_89_jpg.rf.1cab11daeed315da69932b7b52d00ed1.jpg, 1, 1, 0, 1, 1, 0, 0
Image_66_jpg.rf.1cd2e318dd932dc34beebfb3dd2dbe6e.jpg, 1, 0, 1, 1, 1, 0, 0
Image_57_jpg.rf.1ce0cd1a7af07af3886f6c1e04dc7e09.jpg, 1, 0, 1, 1, 1, 0, 0
Image_21_jpg.rf.1d1d7f2f6d48aa1a9f041691f9d08393.jpg, 1, 0, 1, 1, 1, 0, 0
Image_41_jpg.rf.1d8c13baaf34f8cf69eab48c769086c2.jpg, 1, 0, 0, 1, 1, 0, 0
Image_15_jpg.rf.1df1f915e722d772be5533031ab53096.jpg, 1, 1, 1, 1, 0, 0, 0
Image_61_jpg.rf.1daa1edc79b0d0fa13332379d601fe6a.jpg, 1, 1, 1, 1, 1, 0, 0
Image_55_jpg.rf.1e653bff614a81f147693ef58f08c723.jpg, 1, 1, 0, 1, 1, 0, 0
Image_21_jpg.rf.1e243068064aca3cccdd2bd8a381e13b.jpg, 1, 0, 1, 1, 1, 0, 0
Image_73_jpg.rf.1f19eab8ed023b8942580af33f4875e2.jpg, 1, 0, 0, 1, 1, 0, 0
Image_42_jpg.rf.1f5cbd42a47c71cb28aecb1a8b2d7c9a.jpg, 1, 1, 0, 1, 1, 0, 0
Image_21_jpg.rf.1eb34dfeab937ba239593023598e81fa.jpg, 1, 1, 0, 1, 1, 1, 0
Image_51_jpg.rf.1edee6337ca52238072120887818c5a7.jpg, 1, 1, 1, 1, 0, 0, 0
Image_43_jpg.rf.1e50d1f948bfa9c5c29b38514603a1f5.jpg, 1, 0, 0, 1, 1, 0, 0
Image_88_jpg.rf.1f5d91af6e5b903bc1b20335fd136a14.jpg, 1, 0, 0, 1, 1, 0, 0
Image_76_jpg.rf.1f679ee35b2d5e8ec5eca0f20adf0cb2.jpg, 1, 0, 1, 1, 1, 0, 0
Image_3_jpg.rf.1fda3d5e08b355c5fa3b38322f6ffdf8.jpg, 1, 0, 1, 1, 1, 0, 0
Image_37_jpg.rf.1f7cb5a6726c0017b3a8cb1acabd7dc5.jpg, 1, 1, 1, 1, 0, 0, 0
Image_7_jpg.rf.1fbc6346039b64c2b418fd6868a48558.jpg, 1, 1, 0, 1, 0, 0, 0
Image_19_jpg.rf.1ff224e8d4eed51dc94763485ed04207.jpg, 1, 1, 0, 1, 0, 0, 0
Image_65_jpg.rf.205632c4358a882a593c7a67127ccfa8.jpg, 1, 0, 0, 1, 1, 0, 0
Image_18_jpg.rf.1f8a5ab09368fd103b67f6c43b7dbff3.jpg, 1, 0, 1, 1, 1, 0, 0
Image_22_jpg.rf.20d0bc4d906483fd9a8c3e1d68417a93.jpg, 1, 0, 0, 1, 1, 0, 0
Image_35_jpg.rf.216965e88fd146423db8bd4a363b33ce.jpg, 1, 0, 1, 1, 1, 0, 0
Image_11_png.rf.239a0702b9091ddc7de3605118d05359.jpg, 1, 1, 1, 1, 1, 1, 0
Image_93_png.rf.218c559a632c310e615a0afaf586f202.jpg, 1, 0, 0, 1, 1, 0, 0
Image_27_jpg.rf.2131cd40552d343e359c5040c0a2d244.jpg, 1, 0, 1, 1, 1, 0, 0
Image_34_jpg.rf.23abcd770042a331e7880e37618c6b42.jpg, 1, 0, 0, 1, 1, 0, 0
Image_16_jpg.rf.224f7946ea0a1154b12a1dfbb4652f1a.jpg, 1, 1, 1, 1, 1, 0, 0
Image_88_jpg.rf.24fa54e36ba37fbc1802f9e1efcc75f2.jpg, 1, 0, 0, 1, 1, 0, 0
Image_71_JPG.rf.218abd71e13ae77e4037f0bbd9f22130.jpg, 0, 0, 0, 0, 0, 0, 0
Image_6_jpg.rf.260c5a38c05d490e36239af80ab025ba.jpg, 1, 1, 0, 1, 0, 0, 0
Image_52_png.rf.26957b0ef24177bcef649ee2302ff844.jpg, 1, 1, 0, 1, 1, 0, 0
Image_18_jpg.rf.264cb5bc21a3a00f4264cf439842c691.jpg, 1, 0, 1, 1, 1, 0, 0
Image_60_jpg.rf.2253872bd9fc60f75245d1df44fc1bac.jpg, 1, 0, 1, 1, 1, 0, 0
Image_9_jpg.rf.24a652c1ae85e25bd7c16326c77a5853.jpg, 1, 1, 0, 1, 1, 0, 0
Caaaapture_PNG.rf.273dcec07856cbf70da4746eca7adc0b.jpg, 1, 1, 1, 1, 0, 0, 0
Image_53_jpg.rf.23d01c2006a40e30552ff90d7ffa88c7.jpg, 1, 1, 0, 1, 0, 0, 0
Image_40_jpg.rf.27e8b7b766f14befe129635e26902e12.jpg, 1, 0, 1, 1, 1, 0, 0
Image_8_jpg.rf.2500191a6c92d5a444e2a11b17e7b655.jpg, 1, 0, 1, 1, 1, 0, 0
Image_77_jpg.rf.2730b0787f6028e46e554cae71a67e72.jpg, 1, 0, 0, 1, 1, 0, 0
Image_10_jpg.rf.23b367ac2251874a2fd40b6e051b960a.jpg, 1, 0, 1, 1, 1, 0, 0
Image_18_jpg.rf.2700313390a576e316aa228f59a55a75.jpg, 1, 0, 0, 1, 1, 1, 0
Image_29_png.rf.26eb55cfa5994f5821af7e52256a83b5.jpg, 1, 0, 1, 1, 1, 0, 0
Image_41_png.rf.270b9f36a6d23bcae532b19637609a76.jpg, 0, 0, 0, 0, 0, 0, 0
Image_3_jpg.rf.274f083f28dabec67de33519fc55d107.jpg, 0, 0, 0, 0, 0, 0, 0
Image_60_jpg.rf.27f55a622ad1f309f1ffa7cfdc4ae9d8.jpg, 1, 0, 1, 1, 1, 0, 0
Image_5_png.rf.27c3a5a597a3f1bc50af55a78dc3ad64.jpg, 1, 0, 0, 1, 1, 0, 0
Image_95_jpg.rf.28292709d3d8246ed7d8b39c41df2ada.jpg, 1, 0, 1, 1, 1, 0, 0
Image_24_jpg.rf.23cb044314be777715664b634a167401.jpg, 1, 1, 0, 1, 0, 0, 0
Image_12_jpg.rf.289f5d40fffc6035cf531242e557c0a3.jpg, 1, 0, 1, 1, 1, 0, 0
Image_89_jpg.rf.253803075485321b039a4ae5f4a180e0.jpg, 1, 1, 0, 1, 1, 0, 0
Image_52_png.rf.2b1b6cc986324633fb0d579c8823d291.jpg, 1, 1, 0, 1, 1, 0, 0
Image_13_png.rf.26d476d72081dfae30c525bfc86a799e.jpg, 1, 0, 1, 1, 1, 0, 0
Image_94_jpg.rf.27ab1aca63c22d0e15869912eb455723.jpg, 1, 0, 1, 1, 1, 1, 0
Image_8_jpg.rf.2912488ed986fb44ea9ac41b70518607.jpg, 1, 0, 1, 1, 1, 0, 0
Image_3_jpg.rf.29e7a7f9316a6953d3ed59fb5b34324a.jpg, 1, 0, 1, 1, 1, 0, 0
Image_1_jpg.rf.2e170e16dc72b120ad3d079f0dc10a33.jpg, 1, 1, 1, 1, 1, 0, 0
Image_65_jpg.rf.2a5127d8171205b9ee399f07e8f751bb.jpg, 1, 0, 1, 1, 1, 0, 0
Image_69_jpg.rf.2c1b94f10042c4ba422829d3003af90f.jpg, 1, 1, 1, 1, 1, 0, 0
Image_87_jpg.rf.2b4a598824bf994c59e4b8f969d1453c.jpg, 1, 0, 1, 1, 1, 0, 0
Image_29_jpg.rf.2e36c47811e7e560d3be4bdbdbd83fbe.jpg, 1, 0, 0, 1, 1, 1, 1
Image_63_jpg.rf.2c79f1f6262f779f2eb26e151a853da5.jpg, 1, 1, 0, 1, 0, 0, 0
Image_42_jpg.rf.2dbf7879c23c12b413e1820377e459c1.jpg, 1, 0, 0, 1, 1, 0, 0
Image_47_jpg.rf.2c3002e1881aad42b41b153ad5333e9f.jpg, 1, 0, 1, 1, 1, 0, 0
Image_35_jpg.rf.2942adf0e2acebbfed17c53df34d4482.jpg, 1, 0, 1, 1, 1, 0, 0
Image_11_jpg.rf.2fd8887aa1a5eb0c3171e6f00356d1fd.jpg, 1, 0, 1, 1, 1, 0, 0
Image_24_jpg.rf.2958f398661334382a3067ce1f06772e.jpg, 1, 0, 0, 1, 1, 0, 0
Image_52_jpg.rf.30790213bbd992804d2b718015a899d6.jpg, 1, 0, 1, 1, 1, 0, 0
Image_44_png.rf.2b5e1ef1b0dc46c879d1abba2ea66116.jpg, 1, 1, 0, 1, 1, 1, 1
Image_44_png.rf.28d0f45598ca598a816bdfc2b7a0dad5.jpg, 1, 1, 0, 1, 0, 0, 0
Image_12_jpg.rf.2f9808b77fcdca153593d93c4a8ee5cb.jpg, 1, 1, 1, 1, 1, 0, 0
Image_44_jpg.rf.2ff631ae0c462eb168dbc7b2d5f82c33.jpg, 1, 0, 1, 1, 1, 0, 0
Image_12_jpg.rf.30598d9deded66b964188b6d02a47590.jpg, 1, 0, 1, 1, 1, 0, 0
Image_7_png.rf.308babca5730a19328701537626763c8.jpg, 1, 1, 1, 1, 0, 0, 0
Image_19_png.rf.2b49ec1bc3cf12d7fac148fe0ac5cdce.jpg, 1, 1, 1, 1, 1, 1, 1
Image_63_jpg.rf.2e693cc85d6e8a23cdbcd8a20171f08f.jpg, 1, 0, 1, 1, 1, 0, 0
Image_11_jpg.rf.2fef167e8426367161135a0ecbfc032a.jpg, 1, 0, 0, 1, 1, 0, 0
Image_55_jpg.rf.31174ae3caa6c79c8bb755b6775e5eb8.jpg, 1, 1, 0, 1, 1, 0, 0
Image_18_jpg.rf.33fd5992e7fffb0ed1292b03d7e5a094.jpg, 1, 0, 0, 1, 1, 1, 0
Image_40_jpg.rf.33d79b5bbc310fae8dfcb561f49109f2.jpg, 1, 0, 1, 1, 1, 0, 0
Image_48_jpg.rf.313b41a8caa92386531b885f1b4d87ef.jpg, 1, 0, 0, 1, 1, 0, 0
Capture55_PNG.rf.335f50ce346652e471f6e74355cb13f0.jpg, 1, 1, 0, 1, 1, 0, 0
Image_46_jpg.rf.325e5e1c05c49f3ac4bd27658f98a1f8.jpg, 1, 0, 1, 1, 1, 0, 0
Image_25_png.rf.31a3f15cf610e17cf61868924df0d292.jpg, 1, 0, 0, 1, 1, 0, 0
Captuuure_PNG.rf.337f84323fd2f6f9e199d6a30e9c91c8.jpg, 1, 1, 0, 1, 0, 0, 0
Image_16_jpg.rf.31ca72eaa4dcf13e239b0058110906b8.jpg, 1, 1, 0, 1, 1, 1, 0
Image_88_jpg.rf.327e41ac5f792f197cb013653b92f860.jpg, 1, 0, 1, 1, 1, 0, 0
Image_90_jpg.rf.32590c3ce16398a312d8fcc779778743.jpg, 1, 0, 0, 1, 1, 0, 0
Image_21_jpg.rf.35b8251bbd51f2a79ab795f2e599d5f1.jpg, 1, 1, 0, 1, 1, 1, 0
Image_30_jpg.rf.3207c618a00b055d9ba5d2bf223fc4ad.jpg, 1, 0, 1, 1, 1, 1, 1
Image_5_png.rf.35410475bbb873a7afb5c96dc6927abf.jpg, 1, 0, 0, 1, 1, 0, 0
Image_73_jpg.rf.341befa1cb9a5945126ed055d0bafd9b.jpg, 1, 0, 0, 1, 1, 0, 0
Image_10_jpg.rf.3575d4ec9a88615c706049e1a99991dc.jpg, 1, 1, 1, 1, 1, 1, 1
Image_27_jpg.rf.34b5ba656b780b482538862e18fbab9f.jpg, 1, 1, 1, 1, 1, 1, 1
Image_18_jpg.rf.327a4db492f0b1b86d3a4e99b57191f1.jpg, 1, 0, 0, 1, 1, 1, 0
Image_22_jpg.rf.355f055eb27e3bea9ca8092e80fb6954.jpg, 1, 1, 0, 1, 1, 0, 0
Image_16_jpg.rf.318489d1dfc0ba82b34e06d5ad5f2482.jpg, 1, 0, 0, 1, 1, 0, 0
Image_47_jpg.rf.3195bc7e28337f7fa9404c2a0bea91ea.jpg, 1, 0, 1, 1, 1, 0, 0
Image_71_jpg.rf.341784215b4881954efa2419f98f2d3c.jpg, 1, 1, 1, 1, 1, 0, 0
Image_84_jpg.rf.3620d27e288108da37423bcbcaeca264.jpg, 1, 0, 0, 1, 1, 0, 0
Image_21_jpg.rf.363b2a14b803f6d09f7c08016215f893.jpg, 1, 0, 1, 1, 1, 0, 0
Image_7_jpg.rf.36c61634689c204efede81a3a383a773.jpg, 1, 1, 0, 1, 0, 0, 0
Image_4_jpg.rf.349a68f5cabd929ae606eed6c0c22224.jpg, 1, 1, 1, 1, 1, 0, 0
Image_6_jpg.rf.3263feaf2d44e2e923f83f2ccb97aa58.jpg, 1, 1, 1, 1, 0, 0, 0
Image_20_png.rf.36f14207e6c78f55608704c0c3f6d15f.jpg, 1, 0, 0, 1, 1, 0, 0
Image_70_jpg.rf.38072441b274c5f7de0a6648c5d77050.jpg, 1, 0, 1, 1, 1, 1, 1
Image_35_png.rf.368805ac2e5f1dc64967f3a16f1ec4e5.jpg, 1, 1, 0, 1, 0, 0, 0
Image_54_jpg.rf.35b99c964f115ae5b47c1f52d97bed2c.jpg, 1, 0, 1, 1, 1, 0, 0
Image_20_jpg.rf.36f205808ec22e1bd9bfa871a8b563d0.jpg, 1, 1, 1, 1, 1, 0, 0
Image_47_jpg.rf.38dafe607ab5701271821a1a84b35973.jpg, 1, 0, 1, 1, 1, 0, 0
1657709009147_page-0001_jpg.rf.384aa3544f65a189cb3baee26c83ffc8.jpg, 1, 1, 1, 1, 1, 0, 0
Image_31_jpg.rf.38df3292a5a407d1b4a145f712a5fe3f.jpg, 1, 0, 1, 1, 1, 0, 0
Image_3_jpg.rf.3965107488ec07846a6b45010a3d3a11.jpg, 1, 1, 1, 1, 1, 0, 0
Image_30_jpg.rf.378372a0f7620abb7fd7c91c76fd818c.jpg, 1, 0, 1, 1, 1, 1, 1
Image_3_jpg.rf.38b730f04bca5944ad3d1cb9c99738e9.jpg, 1, 1, 1, 1, 1, 0, 0
Image_5_jpg.rf.39a3067e474a45c72070c5cccfb4ad60.jpg, 1, 0, 1, 1, 1, 0, 0
Image_52_jpg.rf.37f44f5bbc69799027d95479f8728a0c.jpg, 1, 0, 0, 1, 1, 0, 0
Image_15_png.rf.39a04564deced9ec7629fe2b61a74b85.jpg, 1, 0, 1, 1, 1, 0, 0
Image_54_jpg.rf.3959a6c59479ed0908f8fc9b8282691d.jpg, 1, 0, 1, 1, 1, 0, 0
Image_49_png.rf.36f49504a6e2a52df302e6613086d14a.jpg, 1, 1, 1, 1, 0, 0, 0
Image_73_jpg.rf.376c5d1617ee191d65cffa948a90de52.jpg, 1, 1, 1, 1, 1, 0, 0
Image_8_jpg.rf.39ad8a8c5fdd4f72a903f0c9f453d37b.jpg, 1, 0, 1, 1, 1, 1, 1
Image_73_jpg.rf.38e965cf6c2ff73e1560e1ee34eb47c2.jpg, 1, 1, 1, 1, 1, 0, 0
Image_9_jpg.rf.37b8eb98e443ee31308ac866a40eaacb.jpg, 1, 0, 0, 1, 1, 0, 0
Image_65_jpg.rf.3a1d7f26945dcdd50161ee724deea160.jpg, 1, 0, 0, 1, 1, 0, 0
Image_75_jpg.rf.3a737be896a2c3576cc664251e024590.jpg, 1, 0, 0, 1, 1, 0, 0
Image_43_jpg.rf.3a9d601c7f6e8a593d24032ea6594f9d.jpg, 1, 0, 1, 1, 1, 0, 0
Image_92_jpg.rf.3c749ae192b8aee1621b481a12e3d5ed.jpg, 1, 1, 1, 1, 0, 0, 0
Image_51_jpg.rf.3b539817bdd479491088add2ad090d80.jpg, 1, 1, 1, 1, 1, 1, 1
Bettayeb_Hajer_CV-350-_page-0001_jpg.rf.3e0f302d1591bf1688b01b251131e0ff.jpg, 1, 1, 1, 1, 1, 0, 0
Image_47_jpg.rf.3e362e64b258b2da9e19bebd44a0475d.jpg, 1, 0, 0, 1, 1, 0, 0
Image_92_jpg.rf.3d5c175706a244e4f3142a178448577c.jpg, 1, 1, 1, 1, 0, 0, 0
Image_12_png.rf.3a0229af7a0426885ce9749a1cb2dd46.jpg, 1, 0, 1, 1, 1, 0, 0
Image_7_jpg.rf.3c88f19126becd1c62d2d8d4eab5905b.jpg, 1, 1, 0, 1, 1, 0, 0
Image_35_png.rf.3c79ed6a20d66443a8695c0d7c37b473.jpg, 1, 0, 0, 1, 1, 0, 0
Image_10_jpg.rf.3d9c52458e75cc001c57bb7016ac0726.jpg, 1, 0, 1, 1, 1, 0, 0
Image_44_jpg.rf.3c0d517bbbd4e20c0deaee807226e0a1.jpg, 1, 0, 1, 1, 1, 0, 0
Image_59_jpg.rf.3cbce3396aecadb79c0d4758301698fd.jpg, 1, 0, 1, 1, 1, 0, 0
Image_1_jpg.rf.3d0dc87c1177881c4d7916054de69f28.jpg, 1, 0, 0, 1, 1, 0, 0
Image_61_jpg.rf.3c1030b963b0106d96566ed5d30fc4e2.jpg, 1, 1, 0, 1, 0, 0, 0
Image_71_jpg.rf.3ceadd59587a30efc0825fb0be9a94c9.jpg, 1, 0, 1, 1, 1, 0, 0
Image_27_jpg.rf.3b476b52b7342f503558c51dcde50ff6.jpg, 1, 0, 1, 1, 1, 0, 0
Image_19_jpg.rf.3ee6dbc7c946f4aa346af64df4f03037.jpg, 1, 1, 0, 1, 1, 0, 0
Image_53_jpg.rf.3a075fa63163dfbee97853b9900d66e3.jpg, 1, 1, 0, 1, 0, 0, 0
Image_57_jpg.rf.3ec84d6b8792b0a791ed81cf249b04ec.jpg, 1, 1, 0, 1, 0, 0, 0
Image_20_jpg.rf.3ebb499d178ad166ba2bb3f24dbb093d.jpg, 1, 0, 0, 1, 1, 0, 0
Image_51_jpg.rf.3c006c69130302ca3bb45befadb0e9c7.jpg, 1, 1, 1, 1, 1, 1, 1
Image_48_png.rf.3d805518724374c150de6c9f2c0e1676.jpg, 1, 0, 0, 1, 0, 1, 1
Image_31_jpg.rf.3f6813a9ba78552004030936dc6e93fe.jpg, 1, 0, 1, 1, 1, 0, 0
Image_33_png.rf.3f3d93339f88ccb377dda7a6a8ab6be5.jpg, 1, 0, 1, 1, 1, 0, 0
Image_4_png.rf.3e2adeb367128d425eac05bb2446a676.jpg, 1, 1, 0, 1, 0, 0, 0
Caaaapture_PNG.rf.3d789b8d57369b6090d4a8f5b6dd5c74.jpg, 1, 1, 1, 1, 0, 0, 0
Image_68_jpg.rf.417b5587f10dab21e5a6063dca977929.jpg, 1, 0, 1, 1, 1, 0, 0
Image_5_png.rf.4103e5b8f654310367c9aaf578fd2f9c.jpg, 1, 1, 0, 1, 1, 0, 0
Image_6_png.rf.426177267f684ac630461f26717b6f80.jpg, 1, 1, 1, 1, 0, 0, 0
Image_1_jpg.rf.41e92163ae0cd6a340d59c27c078981f.jpg, 1, 1, 1, 1, 1, 1, 1
Image_72_jpg.rf.41a99c467c922cd570ff11e2a8209213.jpg, 1, 0, 1, 1, 1, 1, 1
Image_19_png.rf.3efdfcb6d6c2cbca20403f8b2f5352e0.jpg, 1, 1, 1, 1, 1, 1, 1
Image_32_jpg.rf.42519d6b7f237572ceac2237f3a19367.jpg, 1, 0, 1, 1, 1, 0, 0
Image_16_png.rf.3fa01ebf00fea5ea791b2d27ed5f49c5.jpg, 1, 0, 1, 1, 1, 0, 0
Image_19_jpg.rf.41082a1bc65b340c172dc1d1e93246aa.jpg, 1, 1, 0, 1, 1, 1, 0
Image_89_jpg.rf.434d88b2de1c09abcf40df3d164e0c0a.jpg, 1, 1, 0, 1, 1, 0, 0
Image_16_png.rf.433afb246840df11c313c92e511f27c5.jpg, 1, 1, 0, 1, 1, 0, 0
Image_8_jpg.rf.3ff68b02056db336f0c7049509f24dc6.jpg, 1, 0, 1, 1, 1, 1, 1
Image_6_jpg.rf.43d91a5a16781ec37109a9626e2b2811.jpg, 1, 1, 1, 1, 0, 0, 0
Image_15_jpg.rf.422fcae8fdd120c14e2633d9c1195b0d.jpg, 1, 0, 1, 1, 1, 1, 0
Image_8_jpg.rf.42f4928acc576c49366d9db39c4e5478.jpg, 1, 0, 0, 1, 1, 0, 0
Image_7_jpg.rf.43465046749069f611966cdef366c113.jpg, 1, 0, 1, 1, 1, 0, 0
Image_30_jpg.rf.42be66a9a1a8fb1261c5ae14b9293393.jpg, 1, 0, 1, 1, 1, 1, 1
Image_11_jpg.rf.44d563a3335f4f50b69881471e8a038d.jpg, 0, 0, 1, 0, 0, 0, 0
Image_22_jpg.rf.430d149409407ee9400152a76c075b0f.jpg, 1, 0, 1, 1, 0, 0, 0
Image_2_jpg.rf.433f3c4b28c0163ec5d5c29f07fd0308.jpg, 1, 1, 1, 1, 0, 0, 0
Image_6_jpg.rf.41f4bbbb316e90182fdfbafaab34405c.jpg, 0, 0, 0, 0, 0, 0, 0
Image_16_jpg.rf.4385ea7f0eeba86ef00aa29396658380.jpg, 1, 1, 0, 1, 1, 1, 0
Image_40_jpg.rf.438cf0a7c4e806aa5bf4e1b19f1769e7.jpg, 1, 0, 1, 1, 1, 0, 0
Image_25_jpg.rf.47bb96d1a200227c477f771cc06a87fe.jpg, 1, 1, 1, 1, 1, 0, 0
Image_70_jpg.rf.46d477ad538ce938962fa582f53f0d36.jpg, 1, 1, 1, 1, 1, 0, 0
Image_15_jpg.rf.45a8add780b1a4a43fecc0d44d361f4f.jpg, 1, 0, 1, 1, 1, 1, 0
Image_40_jpg.rf.47390b790c0aeaf7b9c5618a9bb60b20.jpg, 1, 0, 1, 1, 0, 0, 0
Image_13_jpg.rf.477c63ef567039a024f14f3bb9a2b608.jpg, 1, 0, 1, 1, 1, 0, 0
Image_18_jpg.rf.4613c46b78a477c6fca5e6f007c832d0.jpg, 1, 1, 0, 1, 0, 0, 0
Image_35_jpg.rf.47e1a5fe90f553e637780af1662bcfc1.jpg, 1, 0, 1, 1, 1, 0, 0
Image_56_jpg.rf.4800e6ebea16f17551a14a1355bf41b9.jpg, 1, 0, 0, 1, 1, 0, 0
Image_32_jpg.rf.4941837a68c25ea68369dfb5edff7593.jpg, 1, 1, 0, 1, 0, 0, 0
Image_1_jpg.rf.48dc84d06c60ea5be96822fa808c3448.jpg, 1, 0, 1, 1, 1, 0, 0
Image_7_jpg.rf.456dc35bc40d13ce67f3301a4739444c.jpg, 1, 0, 0, 1, 0, 0, 0
Image_44_jpg.rf.49a0b94ab6a77fe40ed074ddc030bf73.jpg, 1, 1, 0, 1, 0, 0, 0
Image_45_jpg.rf.48243482972f70cc7c7e1567b1acc0b8.jpg, 0, 1, 1, 1, 1, 1, 1
Image_59_jpg.rf.484fe66dff2c0ea269d1f35136d322f9.jpg, 1, 0, 1, 1, 1, 0, 0
Image_73_jpg.rf.4ab10dc24cfdf2702d1497f6f59c1d8e.jpg, 1, 1, 1, 1, 1, 0, 0
Image_8_jpg.rf.48b98d62e2e3176e0121233e2fbfddb8.jpg, 1, 1, 0, 1, 0, 0, 0
Image_76_png.rf.4a4fb9ea39c8e1aef792cb2dad59509c.jpg, 1, 0, 0, 1, 1, 0, 0
Image_4_jpg.rf.4a6015c900b86bb056125c606e78a811.jpg, 1, 0, 1, 1, 1, 0, 0
Image_41_png.rf.49625e5ac3a774a6001ea5cbd7c24a2b.jpg, 0, 0, 0, 0, 0, 0, 0
Cappppppppppture_PNG.rf.4a5ebdec830f89b67df14cd21b59b131.jpg, 1, 1, 1, 1, 1, 0, 0
Image_49_jpg.rf.4b2e5ae0492c8ca1d79a070976b9522c.jpg, 1, 0, 0, 1, 0, 0, 0
Image_92_jpg.rf.4981d9bf50d4d301fff577b7ea9c42c7.jpg, 1, 1, 1, 1, 0, 0, 0
Image_72_jpg.rf.4b32975bc33722c6428b0ef24dc1ebc0.jpg, 1, 0, 1, 1, 1, 1, 1
Image_31_png.rf.46ff1a879ffabbc36264c981a9125b4f.jpg, 1, 0, 0, 1, 1, 0, 0
Image_80_jpg.rf.4b52180e70881a568126649ec48c38c6.jpg, 1, 0, 1, 1, 1, 0, 0
Image_94_jpg.rf.505bc1492ade4c4d4c1d4f68d99d5b6a.jpg, 1, 0, 1, 1, 1, 1, 0
Image_9_png.rf.4bc37f2a32eea3a09bf2be6d23d8464c.jpg, 1, 0, 0, 1, 0, 0, 0
Image_16_jpg.rf.50820174ca41bb7a621820e37fec26e8.jpg, 1, 1, 1, 1, 1, 0, 0
Image_22_jpg.rf.504a378410909fe876a4891fc814b72a.jpg, 0, 0, 0, 0, 0, 0, 0
Image_86_jpg.rf.4c259217d5a7fccef4a6fa8b0d98b35a.jpg, 1, 1, 1, 1, 0, 0, 0
Image_48_jpg.rf.4e0467d84631dfde85dbc8114e5fb325.jpg, 1, 0, 0, 1, 1, 0, 0
Image_43_jpg.rf.4d6871422ebe18bd90d6cfd7771457ff.jpg, 1, 0, 0, 1, 1, 0, 0
Image_21_jpg.rf.4d3fc469c9a87acb345a047ed3bc34e1.jpg, 1, 0, 1, 1, 1, 1, 1
Image_65_jpg.rf.4f161dcf3a85cd9b83e167311f7daa44.jpg, 1, 0, 1, 1, 1, 0, 0
Image_48_png.rf.4e7d93aa90b6e976436494dbd772394b.jpg, 1, 1, 1, 1, 1, 0, 0
Image_18_jpg.rf.4f363a6611309ff0aeab700d6d4f7a54.jpg, 1, 1, 0, 1, 0, 0, 0
Image_61_jpg.rf.4d2898ca243e62b0f76f6dcc9b34d6d2.jpg, 0, 0, 0, 0, 0, 0, 0
Image_11_png.rf.4b39e7bec52f692a65373d05147c84a6.jpg, 1, 1, 1, 1, 1, 1, 0
Image_21_jpg.rf.511513bc7426cca662f8c5c94a62c00b.jpg, 0, 0, 0, 1, 0, 0, 0
Image_20_png.rf.4ecd22970e1b5e14d070b1aa3095c371.jpg, 1, 1, 0, 1, 0, 0, 0
Image_28_jpg.rf.5090c344d7142a37483fcb1120613b42.jpg, 1, 1, 1, 1, 1, 1, 0
Image_30_jpg.rf.4f7e52d031f794a635a6bc4d98a176cb.jpg, 1, 0, 1, 1, 1, 0, 0
Image_19_jpg.rf.4d892707491211a45a92ebaabd35ebc1.jpg, 1, 1, 0, 1, 1, 0, 0
Image_6_jpg.rf.4dd8f80a4d8fc6031f600273742d2598.jpg, 1, 0, 1, 1, 1, 0, 0
Image_83_jpg.rf.519c1f926de9de2656e77e942bc2ad6b.jpg, 1, 0, 0, 1, 1, 0, 0
Image_12_png.rf.51ae7333403521fb18040697772290b6.jpg, 1, 0, 1, 1, 1, 0, 0
Image_35_png.rf.4c0a3f626d3e87f60a386c96de49ce33.jpg, 1, 0, 0, 1, 1, 0, 0
Image_13_png.rf.4b46bbf39501eb06ea833152ca5872e4.jpg, 1, 0, 1, 1, 1, 0, 0
Image_13_png.rf.52073aae6133b8bcf39be8f7ce59a8fd.jpg, 1, 0, 0, 1, 1, 0, 0
Image_52_jpg.rf.5217d77ae2b702880690670b68b5f833.jpg, 1, 0, 0, 1, 1, 0, 0
Image_11_jpg.rf.522653328c952d76cdab69c41b95233e.jpg, 0, 0, 1, 0, 0, 0, 0
Image_66_jpg.rf.528491864974e1d94a5f1aa6c837bf08.jpg, 1, 0, 0, 1, 1, 0, 0
Image_5_png.rf.532b6ed04c9020eec1373aae4e0dfc7d.jpg, 1, 0, 0, 1, 1, 0, 0
Image_73_jpg.rf.53f68d4858c96c679ae24855b1b2675f.jpg, 1, 0, 0, 1, 1, 0, 0
Image_20_jpg.rf.543e3b5d2d0c8d328cd91e7131d11418.jpg, 1, 0, 0, 1, 1, 0, 0
Image_15_jpg.rf.543c7b3e605b98fcd033b3d8d6410f72.jpg, 1, 0, 1, 1, 1, 0, 0
Image_10_jpg.rf.537ba8483a01a97dd32cd5ee83fdb129.jpg, 1, 1, 1, 1, 0, 0, 0
Image_4_jpg.rf.52fb340d060d876e6e2b2a4dd86becae.jpg, 1, 0, 0, 1, 1, 1, 0
Image_39_png.rf.54883db7321733ac59f6945c0b6daf4d.jpg, 1, 1, 0, 1, 0, 0, 0
Image_88_jpg.rf.50c819b2a98e7fe92332d4d0244c44fd.jpg, 1, 0, 1, 1, 1, 0, 0
Image_57_jpg.rf.51ecb7d5271691435f4ea11ecafbaafc.jpg, 1, 0, 1, 1, 1, 0, 0
Image_57_jpg.rf.551db70eac15ca979053659eeeff120e.jpg, 1, 0, 0, 1, 1, 0, 0
Image_21_jpg.rf.521ecd4bc5bd7977a55d2f5d37d04781.jpg, 0, 0, 0, 1, 0, 0, 0
Image_19_jpg.rf.54613f28493ad794ac556ef19ea6f3c9.jpg, 1, 1, 0, 1, 0, 0, 0
Image_53_jpg.rf.53ba2cbbb8cd5e6f72fc6ebb212246a4.jpg, 1, 1, 1, 1, 1, 0, 0
Image_22_jpg.rf.53d2ad609b507b735ff550de2b7d5ad8.jpg, 1, 0, 1, 1, 1, 0, 0
Image_70_jpg.rf.515910a6fed69ff3fbb6a656ce2eca4c.jpg, 1, 1, 1, 1, 1, 0, 0
Image_54_jpg.rf.52aafd20b3112c52789c623a828e7fd1.jpg, 1, 0, 1, 1, 1, 0, 0
555_jpg.rf.2e4f2092837a81117c6fd4827a3c24ea.jpg, 1, 0, 1, 1, 1, 0, 0
Image_16_jpg.rf.415ac64f45dc37583ac74663dc993a9c.jpg, 1, 0, 0, 1, 1, 0, 0